image_001.jpg,1748.2739,1991.3021,-925.3955,1763.2068,1861.2151,-857.82837,1801.5054,1838.1191,-857.5202,1839.9796,1814.5917,-857.60944,1672.4512,1920.9691,-816.9069,1636.8798,1942.3004,-817.0234,1601.711,1964.3988,-818.0675,1944.9114,1832.859,-263.96414,1627.2129,2023.8954,-77.53268,1885.8945,2038.2356,-691.05164,1746.2206,2118.1804,-636.8023,2473.0916,2238.9795,-540.63696,1752.093,2448.064,515.6075,2669.2039,3103.6787,-723.1022,1452.002,3026.9316,-449.42944,1983.4504,3445.5513,-660.5731,1451.7555,2379.52,-1722.9049,1847.5907,3593.8198,-780.2036,1458.4641,2245.3154,-1934.1707,1763.3099,3477.9937,-715.0501,1473.229,2131.4753,-1795.7643,1843.8538,3432.3352,-628.14545,1523.8972,2197.7214,-1703.7849,2820.599,3412.8057,-478.46692,2389.3882,3458.5845,476.32452,2130.646,3400.4758,-1874.0452,1432.5681,3467.3755,-294.8561,2072.789,4588.0176,-2127.2332,1603.118,4488.829,-1003.7997,2214.581,4756.562,-2145.1064,1784.605,4649.034,-1064.1777,1552.1301,5001.0435,-2783.4612,1149.849,4886.2734,-1420.3363
image_00100.jpg,2282.578,1049.0021,-532.64526,2338.2498,964.3198,-581.2066,2365.4607,958.13086,-579.3352,2393.6755,951.4199,-579.1624,2283.6743,973.2361,-432.0926,2269.0981,972.3517,-433.38248,2254.3027,972.6446,-435.4566,2499.1628,942.01074,-348.68414,2309.8572,962.37415,384.72888,2363.8042,1093.793,-420.48492,2295.9177,1101.9242,-208.03502,2789.5183,1121.8413,-96.22994,2239.2698,1232.8424,753.32355,3158.1057,1410.1573,-1095.4513,2136.1018,1783.1674,571.17944,2732.979,1533.734,-2509.5386,1924.3263,2099.6401,-488.99997,2655.9773,1626.7781,-2780.5334,1837.448,2199.5447,-570.2577,2564.1262,1581.38,-2717.3516,1856.1412,2187.6067,-772.2778,2595.086,1589.8572,-2502.7463,1935.5504,2166.2659,-579.80524,2557.8354,1941.6248,-134.74197,2239.2969,2001.012,137.0146,2698.9004,1661.6245,-2207.079,1852.0283,2494.986,-976.8423,2037.6683,2295.6858,-2208.1458,1573.139,3452.9224,-887.3055,1968.5361,2331.6284,-2184.8542,1614.7053,3604.8628,-897.3449,1747.9005,2546.6304,-2655.511,1250.3351,3747.8486,-1557.8672
image_0011.jpg,4263.345,908.9992,123.730415,4354.992,853.7946,24.64309,4378.707,860.9358,24.444468,4403.257,867.42444,24.528894,4326.8257,841.89734,215.62538,4325.574,837.9577,215.13773,4324.158,835.1635,215.32428,4507.9375,956.5091,-178.95604,4400.9985,904.7765,665.8866,4307.6943,1035.9059,50.81593,4257.5923,1015.8772,293.9652,4565.3687,1502.5905,-835.5611,4285.6475,1447.3859,1318.9424,3869.4219,1867.4484,-997.9812,3712.2114,1665.7104,1858.6871,3124.56,1752.5986,-602.6659,3113.995,1706.6465,1607.5957,2925.1392,1786.6602,-733.4238,2932.8594,1755.2129,1601.696,2945.7258,1686.1887,-745.24664,2972.1953,1682.8986,1423.3816,3021.8987,1689.766,-583.67426,3014.9014,1690.0303,1519.9778,4249.544,2732.7683,-662.41113,4084.233,2618.107,665.8534,3407.5217,1940.3062,-961.0615,3194.3025,1810.9375,573.5521,2921.7556,2863.3374,-813.7417,2907.953,2666.5078,299.03995,2979.9868,3095.8567,-779.2776,2988.4885,2856.053,273.9155,2344.6592,2883.142,-978.1499,2449.1318,2735.4568,69.3444
image_0012.jpg,2857.0571,1852.5017,-1951.3463,2921.37,1708.3777,-1699.9828,2961.735,1717.6246,-1700.9945,3003.7642,1726.6669,-1702.4133,2789.4973,1661.2886,-1869.0796,2733.3005,1633.169,-1870.4803,2677.3323,1605.9586,-1871.3365,2943.2278,1705.7721,-382.5408,2506.4045,1549.9464,-1070.1272,2833.6926,1965.1046,-1453.459,2671.1462,1908.9543,-1665.5531,2785.096,2361.2908,275.641,1803.5577,1826.5461,-227.09782,2891.217,3348.549,-343.65875,1214.8153,2416.7227,609.2098,3008.1064,2656.0356,-1679.2941,1145.1464,2872.4631,1429.0742,3058.8228,2473.773,-2068.7898,1128.9214,2971.1826,1554.0139,3053.539,2336.025,-1799.403,1216.768,2926.7307,1356.1451,2985.1282,2410.375,-1632.9725,1243.9537,2895.0127,1399.2335,1971.7317,3456.3386,215.58868,1212.6772,3371.3193,-212.80527,3091.3389,3828.4277,-1987.4307,662.0781,4770.7603,-365.82272,2777.96,5357.1055,-894.15576,930.46497,5644.629,2450.3757,2550.7834,5566.118,-773.95,984.54535,5697.5225,2724.4583,3235.9165,5941.8335,-1753.875,1064.982,6168.8447,1897.8953
image_0013.jpg,2109.44,1607.8768,-1497.0375,2195.7446,1498.3276,-1327.1729,2251.289,1502.6674,-1327.3601,2307.9077,1505.8718,-1326.9205,2046.3768,1494.6683,-1339.0103,1991.639,1493.0043,-1338.3391,1936.4988,1492.6371,-1339.4316,2388.6194,1598.1467,-126.146385,1865.6547,1576.8782,-205.39407,2206.419,1774.5652,-1045.7451,2006.4452,1764.673,-1061.6476,2732.8193,2239.6702,477.18515,1477.205,2239.2932,470.40097,3144.7932,3047.2478,-343.0472,1111.7103,3189.2073,-518.73956,2495.6057,3216.7217,-2705.2595,1336.8483,3340.1377,-2843.5674,2319.4194,3427.932,-3244.8613,1385.6033,3514.1118,-3233.4739,2165.622,3266.3433,-3218.1277,1513.3217,3325.7812,-3386.3628,2199.0696,3244.6326,-2711.4224,1546.9537,3305.3882,-2903.5588,2454.8342,3977.8328,130.93504,1700.3118,3976.4011,-126.965294,3106.0708,3368.716,-3559.9666,1126.3566,3488.9841,-3839.7688,2789.7434,5302.155,-2936.4575,1351.3624,5412.505,-3284.7463,2587.5718,5600.5625,-2926.9336,1521.7058,5710.5464,-3284.144,3143.2583,5940.1304,-4177.8516,1092.4114,6060.135,-4560.817
image_0014.jpg,1291.9213,2318.5251,-604.7127,1358.8152,2234.8154,-618.67725,1393.4803,2230.4685,-618.6304,1428.6982,2225.3367,-618.6852,1285.923,2243.7983,-503.33667,1264.7004,2243.525,-503.48068,1243.5559,2244.5676,-505.08585,1554.2327,2228.221,-192.91307,1299.0475,2248.353,317.76428,1395.9258,2377.1624,-416.79654,1302.6779,2383.4316,-268.8126,1950.9125,2487.3074,168.71918,1179.0085,2603.5698,450.87637,2403.0967,2823.8225,-804.9201,1008.26056,3050.1208,-167.3254,2191.7722,2791.6482,-2462.966,1063.2671,3380.4841,-1724.9006,2153.5037,2833.4404,-2751.0864,1067.3073,3541.2417,-1972.5776,2056.5408,2775.5066,-2705.959,1157.4978,3455.3254,-2067.4614,2050.588,2804.0117,-2451.8804,1198.7806,3415.297,-1774.609,1906.351,3448.7102,-71.43251,1450.5084,3568.591,74.3447,2219.0784,2997.7456,-1882.5616,700.9958,3524.284,-1625.8307,1806.2958,4036.972,-2262.0737,1604.8126,4182.6753,-2079.3608,1742.984,4125.865,-2274.1533,1776.5016,4176.3057,-2111.2595,1578.5073,4370.3203,-3227.2917,1802.3613,4461.6104,-2964.1035
image_0015.jpg,2307.502,1352.5171,-196.1171,2288.3186,1293.8447,-79.5537,2291.0674,1292.9196,-79.719696,2294.6165,1291.5868,-79.96793,2264.438,1293.2516,-247.07726,2247.2688,1290.6818,-247.20552,2230.3784,1288.3629,-247.65477,2226.7336,1297.5593,479.92703,2141.06,1296.9116,-283.46362,2279.1028,1398.1388,18.780539,2243.0933,1396.2532,-202.55312,2232.989,1549.0226,889.47516,1902.1982,1544.3291,-484.52548,2309.761,1920.7205,653.93243,2022.9702,1976.5975,-738.1604,2443.7764,1880.111,-317.7539,2394.4558,1856.9235,-805.5202,2496.8005,1880.8972,-484.75476,2499.146,1846.6195,-954.27704,2507.796,1819.4603,-565.07635,2504.671,1765.0164,-949.64923,2474.4326,1823.4983,-395.36096,2469.1282,1778.2482,-782.9748,2225.5425,2097.0513,414.29074,2021.8917,2178.1895,-411.42245,2654.9014,1915.1115,-973.82446,2318.2832,2113.3225,-1928.9918,2757.1807,2455.3125,-991.9212,2466.2847,2756.6096,-1855.3685,2691.8489,2582.451,-1016.7169,2433.2222,2872.3452,-1856.5784,3041.8052,2564.2466,-1479.5874,2698.5044,2904.5078,-2415.804
image_0016.jpg,1851.8619,962.9361,-1303.7255,1901.1165,849.46027,-1210.3584,1937.3699,854.23145,-1210.5244,1974.6012,858.3951,-1210.7098,1795.852,832.7566,-1301.407,1750.3065,822.05786,-1301.8236,1704.7484,811.7785,-1302.6741,1958.1185,885.8144,-494.72476,1591.3473,820.0277,-869.5585,1872.1865,1063.9344,-1002.1693,1729.0049,1039.3147,-1106.6495,2028.155,1314.8427,24.089056,1170.6512,1232.0994,-628.7264,2036.6979,1937.9512,180.75775,1000.0075,2035.8162,-758.4168,2011.689,2311.992,-672.91797,1713.7565,2367.5579,-932.73895,2030.6704,2489.5667,-910.7614,1881.9384,2557.6345,-1069.8645,1979.0955,2410.3364,-1051.0403,1988.5267,2427.3115,-1080.9232,1934.1158,2358.5745,-753.22595,1937.3048,2378.1707,-908.2331,1693.7797,2389.2324,93.26065,1167.7324,2366.3955,-92.751625,2349.7988,2593.6868,-1635.7942,961.4521,2476.843,-2167.2417,2031.5895,3750.0193,-1518.7219,965.4511,3749.545,-2041.4745,1902.9442,3890.0571,-1532.4594,1002.88165,3905.4966,-2045.6311,2122.575,4162.664,-2296.6006,945.1162,4195.742,-2787.716
image_0017.jpg,2624.0952,902.7955,135.23938,2641.4824,865.2631,82.79772,2645.4937,865.20465,83.19153,2650.08,865.2863,82.83541,2647.2048,858.7731,203.0768,2655.8342,854.2588,202.03859,2664.8633,850.49536,202.44182,2700.2458,868.0562,-217.57635,2720.527,848.63745,319.4061,2648.7878,944.36444,27.030106,2658.0388,936.99603,179.48564,2805.038,1117.2694,-667.66156,2823.111,1110.7423,564.6262,2931.807,1516.2749,-943.03296,2889.1602,1542.4882,260.1851,2960.175,1836.4475,-1154.4159,2791.3599,1779.3029,-247.56259,2984.56,1891.5874,-1387.3309,2769.4841,1807.2366,-336.43326,2945.927,1880.4019,-1380.4718,2757.1433,1810.1412,-450.21478,2942.8406,1869.3955,-1174.1887,2766.3357,1799.8004,-324.17743,2746.4553,1877.7998,-436.96463,2726.6714,1795.3805,441.19598,2193.759,1602.507,-239.72394,2277.0107,1484.0061,785.61255,2158.5464,1802.9541,918.59796,2103.8362,1806.003,163.59172,2184.2834,1858.4332,1050.3735,2108.2441,1895.3878,104.553535,2019.14,1687.9281,1285.1128,1926.3293,1731.7815,122.5353
image_002.jpg,1493.9127,2814.8796,-1286.0138,1512.3438,2770.6768,-1208.0674,1520.9774,2772.1575,-1208.2345,1529.4293,2774.2183,-1208.4307,1479.1309,2759.8538,-1297.0486,1462.8242,2751.8826,-1296.5427,1446.2438,2744.2527,-1296.5398,1485.5956,2770.3064,-784.9415,1376.5587,2732.659,-1178.2347,1462.7993,2854.3914,-1120.1909,1420.8406,2837.558,-1228.3817,1324.871,2805.162,-266.83203,1180.67,2889.157,-1352.3284,1467.5736,3066.9253,-79.650375,1224.7834,3251.593,-1532.8221,1707.9558,3273.575,-509.089,1506.2635,3414.4187,-1663.8862,1800.3015,3304.3347,-645.6376,1574.7245,3481.0417,-1899.2909,1790.5182,3293.2522,-763.00806,1608.4902,3406.3752,-1897.49,1743.9089,3290.4827,-579.5372,1583.3256,3381.5007,-1680.3445,600.668,2860.8167,367.24353,552.1218,2900.3118,-364.61334,220.48459,2781.706,1083.9397,178.64583,2854.4285,302.1005,-3.2683067,2643.2007,2184.8213,-47.984188,2749.4412,1406.055,-47.832527,2602.5652,2295.9292,-96.15301,2716.0547,1517.5281,-49.189716,2680.0515,2269.0833,-75.601036,2806.1648,1381.2173
image_0022.jpg,1170.7288,700.6158,-1036.8568,1194.4911,640.54663,-1000.615,1212.9039,639.20465,-1000.9562,1231.686,637.5103,-1001.1179,1144.1606,639.20776,-1024.2438,1124.2601,635.912,-1023.965,1104.34,633.0235,-1024.0234,1247.424,630.12964,-570.84204,1068.5868,621.95197,-682.5395,1196.8777,730.47644,-855.9772,1131.5302,727.6771,-886.6225,1342.9757,768.1015,-329.88428,921.0379,757.2497,-385.50064,1329.6957,1085.062,-646.96387,860.10956,1090.0903,-560.4592,1002.6475,1088.805,-1135.7043,1167.4855,1078.9358,-954.267,911.65283,1125.6611,-1288.187,1247.6892,1112.8358,-1083.8912,896.52637,1070.7415,-1248.6521,1272.0952,1042.6707,-1097.6101,918.98096,1071.5065,-1124.2736,1249.7513,1041.6127,-957.12537,1227.071,1290.7642,87.10274,986.3798,1299.7546,-85.97684,1449.1362,1118.0691,-1036.103,896.05743,1133.0345,-1223.9907,1559.6997,1653.7065,-1183.4382,863.3698,1675.879,-1374.5354,1524.1796,1768.3611,-1221.7864,865.7618,1771.8119,-1410.9937,1710.6409,1765.7354,-1679.3264,896.78796,1813.1359,-1882.1943
image_0023.jpg,2108.3975,1852.2677,-471.67557,2077.2727,1688.462,-394.1299,2069.6838,1680.1,-393.05673,2063.3367,1671.6666,-394.03912,2056.2092,1695.2997,-710.6667,2027.6991,1685.5427,-711.7029,1999.3556,1676.4924,-713.57886,1875.3395,1646.5792,56.43925,1781.6373,1651.4889,-1323.793,1989.6008,1946.3229,-274.37003,1952.598,1944.4983,-669.9308,1542.4696,2206.2385,770.6846,1200.3662,2240.1943,-1909.4766,1719.9738,3017.4658,1623.4939,1546.3632,3294.2915,-2025.4163,2204.3345,3259.1868,1601.7228,2468.4656,3538.1846,-1435.6462,2326.7212,3284.539,1671.6444,2689.4824,3635.7314,-1601.785,2401.0288,3251.021,1434.998,2753.7747,3466.1414,-1609.6268,2322.3308,3278.367,1489.7607,2658.7087,3449.799,-1414.5792,898.2639,3704.6748,810.49286,583.0987,3841.2578,-807.03296,2152.3892,3416.9324,1647.489,1841.8618,3937.48,-1830.5944,1589.3724,4289.8887,2427.661,1227.6431,5140.6567,-603.1828,1360.3154,4390.5684,2516.559,977.9866,5256.3486,-452.09357,1842.9595,4588.705,2560.6536,1611.9083,5632.0615,-575.4332
image_0024.jpg,1789.5962,549.8694,-963.2698,1854.3804,475.7981,-814.1517,1889.1921,487.43396,-814.55176,1925.2202,498.39664,-814.3761,1753.9985,446.15714,-872.24774,1713.2385,433.18243,-872.2575,1672.386,420.68866,-872.5059,1926.9851,564.08014,5.994637,1580.2249,457.51984,-235.70712,1812.3984,675.84106,-657.2053,1671.4362,631.8119,-724.41205,2021.753,1096.8529,447.0268,1139.9371,888.59393,18.400032,2099.6802,1767.8854,264.58466,829.2509,1597.8687,-183.14178,1796.4541,1927.9667,-766.6244,1291.3887,1906.7489,-681.8495,1726.7582,2056.2988,-1069.3314,1385.369,2061.7766,-839.7224,1640.2214,1939.1007,-1080.1063,1491.9048,1963.3291,-888.0283,1643.3757,1900.7933,-799.1732,1466.9042,1930.1289,-682.31995,1710.593,2051.7546,157.95004,1153.2258,1976.3109,-157.11694,2180.8088,2417.9895,-1995.0403,1027.5078,2245.5771,-2484.4258,1779.3158,3872.8752,-1804.6863,563.75195,3738.2012,-2492.6921,1600.7996,4033.1687,-1816.918,525.6017,3897.1567,-2509.0654,1966.9014,4472.872,-2604.2097,484.18826,4354.6187,-3334.3484
image_0025.jpg,1834.4226,755.3826,-1933.2367,1914.6777,625.4445,-1986.4165,1959.9852,617.8235,-1986.1552,2006.0873,609.1001,-1986.4259,1819.1323,637.3793,-1828.4927,1789.0273,636.4876,-1828.6924,1758.5034,636.63434,-1828.5032,2156.0488,603.55505,-1670.9946,1817.471,631.4745,-964.0542,1964.752,818.9353,-1770.7473,1838.792,831.4812,-1563.8396,2669.793,935.4302,-1271.1907,1694.7607,987.5164,-427.81085,2909.4941,1723.1263,-1379.6274,1700.7001,1697.9635,-100.300125,2346.062,2307.0627,-1432.3156,2200.0479,2209.1665,-742.0246,2260.0938,2533.529,-1633.267,2309.445,2439.3015,-1044.1417,2107.148,2454.937,-1614.387,2414.2642,2341.2527,-1104.2762,2141.7214,2377.0913,-1398.8287,2394.4055,2266.0618,-782.767,2587.136,1999.4922,-195.7196,2025.5807,2041.7688,196.63531,3035.1785,2087.887,-2447.6506,1527.9674,2114.0789,-1985.1823,2935.3362,3254.4895,-2470.3354,1797.8849,3261.555,-2114.299,2878.0464,3406.5862,-2470.4592,1928.7141,3418.5803,-2144.5261,2974.9062,3716.0186,-3358.5513,1678.5298,3705.1697,-2891.0298
image_0026.jpg,2830.4856,3393.0476,-1998.9666,2858.1072,3239.6562,-1874.252,2897.6167,3227.5745,-1874.3892,2938.902,3214.3337,-1876.4,2748.7876,3278.6016,-1877.8671,2706.7266,3290.3892,-1876.0166,2665.014,3303.7048,-1875.1283,3021.865,3290.061,-1153.2573,2642.111,3404.0774,-1074.8721,2942.518,3551.4954,-1749.6663,2784.1245,3589.9678,-1728.439,3683.5593,4206.4575,-705.27167,2306.5693,4370.81,-1039.625,4018.9045,5435.751,-278.26913,2081.5503,5622.968,-1148.4814,4261.8325,6317.4736,-534.11127,1861.2355,6701.945,-1650.8881,4420.2744,6503.031,-401.70465,1707.7035,7055.4233,-1700.609,4386.678,6533.652,-784.5745,1850.8923,7075.8022,-1968.1691,4288.5107,6513.2793,-650.3731,1968.1473,6965.3706,-1720.3344,3413.3447,6122.733,-27.995,2581.5693,6044.7983,35.02397,4159.9673,6213.5835,-4379.8135,1730.8448,5066.0356,-3324.7073,2220.6697,6699.054,-2929.376,2549.1096,6976.9497,-3452.7217,2043.1686,6534.4033,-2649.6602,2734.521,7164.3047,-3461.0593,1361.2758,6999.268,-3286.6672,2731.8843,7494.01,-4745.467
image_0027.jpg,2235.9028,1833.685,-577.08417,2298.1,1749.0631,-577.10535,2332.5154,1746.1427,-576.97363,2367.472,1742.9999,-576.6908,2224.5928,1748.763,-419.97318,2200.4668,1744.8932,-420.35242,2176.0889,1741.2146,-420.49628,2452.5671,1765.9122,-327.5664,2209.3755,1758.6971,403.94772,2318.2458,1903.5757,-467.7166,2213.0977,1901.4956,-256.4792,2506.0115,2131.1086,-829.60236,2264.6948,2127.5554,1421.6216,2373.264,2818.507,-1047.1483,2112.5562,2675.3015,1782.5682,1817.4633,2969.0881,-483.96808,1763.9698,2859.528,898.04285,1690.1626,3049.5479,-556.2242,1643.2711,2949.3135,786.6531,1688.4806,2934.6116,-549.46594,1627.7288,2888.993,600.45294,1748.8827,2899.9976,-457.79288,1679.5701,2861.0623,781.02954,2186.7888,3175.2043,-766.01465,2069.3508,3077.912,766.1579,1142.3279,3179.5085,-1146.0005,1359.3301,3169.9148,712.3603,1239.851,4052.0454,-491.73364,1411.0045,3965.6926,1345.6995,1403.9039,4176.2773,-388.0837,1534.1284,4100.5923,1385.4097,917.8021,4357.4014,-327.23618,1123.6981,4258.407,1216.1448
image_0028.jpg,2052.4602,2888.5046,-1835.6859,2090.5483,2813.7427,-1732.1093,2122.6123,2812.9727,-1732.489,2155.4805,2812.192,-1733.1105,2004.8123,2817.8906,-1749.1569,1970.2169,2818.4587,-1749.2103,1935.4916,2819.6013,-1750.6823,2191.872,2853.8728,-1136.5262,1893.6073,2858.9697,-1219.8284,2109.5234,2971.013,-1617.942,1995.1063,2974.0862,-1639.0656,2351.3623,3279.5476,-872.48627,1688.289,3116.446,-924.7656,2293.0237,3875.9368,-1298.3135,1330.7776,3512.1592,-928.5993,2082.8958,3328.6233,-1476.9722,1716.945,3457.76,-502.19476,2001.8313,3199.0273,-1516.1284,1793.4075,3457.823,-392.2197,2040.7922,3110.7756,-1320.6414,1827.4806,3390.3115,-301.96744,2037.488,3165.792,-1384.1871,1817.9214,3402.615,-435.5431,2015.0292,3909.3965,105.931755,1624.8271,3796.6057,-106.12966,2629.8308,3975.9292,-1225.6923,1262.5745,3568.4807,-1914.3467,1732.1964,4104.0776,-720.76917,1861.7925,4085.5955,-810.51953,1648.6011,4055.4443,-618.3166,1969.4799,4093.869,-650.50574,1447.9503,4165.322,-912.2607,2052.5056,4270.797,-870.04315
image_0029.jpg,2839.249,1284.78,-939.7967,2889.0703,1232.6322,-880.2767,2916.3884,1235.7194,-880.6966,2944.3276,1238.9973,-880.91656,2823.687,1220.7974,-784.7166,2801.7498,1213.7513,-784.7914,2779.8708,1207.1523,-785.0376,2998.7139,1268.6534,-470.55737,2787.6245,1229.3654,-22.66272,2889.4507,1349.3329,-788.5867,2801.0298,1331.7357,-662.7375,3040.7722,1584.5253,-866.2125,2743.866,1528.6718,878.15,2847.4502,1995.3235,-1013.2823,2611.1223,1933.7051,1082.0708,2484.8176,2062.1055,-773.74646,2423.7114,2107.2522,339.0325,2389.3394,2104.2974,-899.0366,2353.3635,2187.248,160.47139,2394.6968,2032.7268,-930.67474,2351.726,2149.2688,11.837679,2445.7393,2032.8262,-774.54425,2379.3835,2126.053,233.89656,2698.129,2300.8262,-599.34125,2542.6067,2216.5522,599.07776,2277.4016,1899.8282,-934.7145,2023.1279,2001.7943,421.53647,1954.0862,2312.6812,-218.46207,1491.5134,2330.4187,439.0943,1973.6013,2428.9917,-130.29692,1460.1497,2450.6165,416.46594,1693.883,2330.0305,-212.45578,1182.5359,2274.6055,132.58784
image_003.jpg,1555.1617,3232.084,-631.30664,1570.1875,3208.1387,-584.4801,1581.7766,3208.2292,-584.2695,1593.4056,3208.0913,-584.2645,1538.5404,3209.2852,-594.66876,1526.5066,3209.6846,-594.3503,1514.4591,3210.4487,-594.58,1608.2483,3225.9878,-271.2116,1498.9774,3229.0117,-331.02307,1577.5934,3262.5854,-513.1532,1532.6675,3263.7976,-530.08704,1687.9965,3330.1287,-152.58237,1430.2264,3358.8523,-137.29059,1804.1605,3448.745,-512.57007,1319.3881,3475.8398,-543.4243,1864.0497,3489.533,-1247.6652,1271.1262,3512.6147,-1293.3004,1900.2572,3512.25,-1418.463,1245.6398,3537.6025,-1445.6765,1856.4308,3499.0918,-1449.1376,1275.166,3512.9102,-1483.3634,1837.0201,3500.507,-1279.116,1297.1631,3513.521,-1325.9742,1692.3959,3615.0557,-6.701754,1543.6393,3629.4639,7.6905093,1848.0327,3505.5793,-912.0503,1373.1545,3541.9724,-890.6021,1768.8116,3880.4783,-754.3545,1442.4337,3896.8438,-819.6669,1739.1766,3921.529,-751.28925,1474.8005,3937.061,-822.0498,1767.9497,4013.2341,-1060.0155,1433.8969,4027.0652,-1090.773
image_0031.jpg,1429.038,1267.1075,-169.62263,1382.9246,1192.4834,-229.82712,1361.8431,1187.1646,-229.99295,1341.4658,1182.3114,-231.06503,1420.1594,1201.8126,-361.46463,1423.1052,1201.3796,-361.65332,1426.6031,1201.1201,-361.92944,1216.6775,1198.5543,-336.28223,1355.6285,1226.1595,-898.0077,1348.7185,1335.4707,-174.87604,1387.0012,1341.5903,-335.10913,781.79156,1567.0504,-209.12376,1390.9731,1738.2208,-1137.8284,788.70624,2210.5215,141.9888,1450.9749,2362.768,-797.20746,1080.1636,2291.4565,464.166,1486.8534,2250.2815,-177.60818,1112.6012,2312.8096,497.03827,1536.6448,2217.7026,-230.56839,1130.9877,2271.0063,431.0693,1462.0198,2149.172,-170.08925,1134.6818,2269.1013,455.56433,1426.7466,2163.569,-151.16405,819.24884,2708.4763,320.3963,1148.04,2883.6958,-316.54285,1209.03,2203.278,1339.6871,1862.3141,2600.7705,439.29837,1313.221,2708.4165,2265.889,1658.629,2762.1504,2236.1897,1250.9082,2820.8438,2368.1697,1562.005,2812.5752,2441.807,1552.9677,2651.6946,2687.1697,1852.3544,2610.3853,2967.481
image_0032.jpg,4052.9258,999.3403,-1522.8058,4218.396,884.6848,-1444.1014,4282.0527,895.5846,-1443.8291,4346.0747,905.4868,-1443.9485,4073.932,862.3166,-1261.7847,4030.2073,852.64685,-1261.9052,3986.201,844.7671,-1262.9023,4531.031,1003.71576,-905.2065,4035.3867,910.949,-126.20359,4190.13,1177.7191,-1343.6742,4002.45,1140.9169,-1115.902,4912.3486,1636.4932,-865.28485,3729.7307,1622.3165,-79.55142,5226.21,2372.0103,-1814.7251,3214.9014,2449.4214,-1051.7076,4289.963,2458.4456,-2724.766,3778.922,2484.1287,-2795.439,4015.3047,2558.651,-2780.7483,4021.3284,2599.542,-3086.2505,3938.4438,2348.9792,-2683.9797,4089.9517,2352.3755,-2974.81,4045.844,2368.4841,-2640.9934,4051.9087,2364.8525,-2750.4736,4707.7837,3138.0435,-192.69121,4023.379,3121.3313,193.25185,4760.739,2789.339,-2113.6624,3404.683,2790.3562,-1432.8948,4213.2134,3470.0613,-1381.6232,3996.4543,3492.5396,-1528.0253,4145.0195,3651.6028,-1306.0371,4155.239,3654.2466,-1529.338,3980.818,3433.1636,-2030.6396,3856.1152,3558.468,-2010.6703
image_0035.jpg,1687.918,2704.7744,152.2815,1667.3727,2638.7751,228.9049,1653.1486,2638.487,229.96712,1639.7395,2637.8994,229.82224,1681.634,2634.7688,-7.773581,1676.7848,2628.2788,-6.943457,1672.1321,2622.261,-6.4502697,1547.5078,2647.682,577.8187,1589.9207,2629.0203,-488.0647,1630.2328,2762.1445,306.2219,1637.1151,2752.0327,1.1202737,1300.8491,2950.732,1320.6042,1509.115,2943.4856,-1264.2495,1626.4098,3331.3992,2011.8048,1936.6597,3314.0972,-1413.7888,1996.4077,3603.0847,2063.4968,2275.4224,3540.691,-508.61005,2094.0137,3692.8755,2114.2856,2347.218,3613.41,-558.27405,2075.2856,3709.3647,1945.8605,2372.1143,3591.9932,-530.8536,2042.6144,3700.9275,1990.2461,2334.0798,3579.697,-465.70197,1333.9133,3926.8254,856.3795,1430.025,3965.8528,-852.95325,2074.5237,3299.2917,1063.1263,2056.5334,3156.5818,-850.24023,2253.7053,4018.5488,1229.2549,2344.1265,4000.361,320.17285,2196.8433,4142.609,1245.8699,2299.2644,4184.7637,462.3459,2512.863,4142.3564,1252.0879,2669.8425,4050.7173,684.559
image_0038.jpg,3075.657,1047.0105,-3964.4543,3096.9985,829.5654,-3821.1484,3156.3208,816.4525,-3821.7358,3216.4358,802.6816,-3821.765,2927.4136,851.66736,-3925.6677,2850.2097,852.0365,-3925.1624,2772.5059,853.65936,-3924.4841,3209.1501,809.55975,-2536.326,2589.3374,876.3905,-2957.9111,3153.1863,1154.7783,-3423.0864,2915.3188,1179.4437,-3539.404,3532.0166,1280.2896,-1863.603,2143.491,1342.6956,-2036.624,3604.462,2292.8225,-2866.4158,1820.9434,2322.5955,-2420.688,2614.5598,2325.2363,-4537.903,2762.0251,2695.2227,-3467.595,2325.892,2543.9304,-4976.018,2971.656,3000.5146,-3836.5852,2241.164,2303.3088,-4960.4014,3182.4622,2798.2883,-3833.2983,2326.3928,2278.747,-4534.6597,3127.9358,2711.8442,-3444.8613,3191.846,2859.5007,-24.116167,2422.5083,2908.7456,28.708323,3815.7444,2591.9243,-3550.581,1552.2188,2595.66,-3369.1985,3683.205,4053.1555,-1991.0991,1662.9948,4078.5725,-1821.6877,3550.6912,4246.492,-1861.2032,1808.9166,4293.4414,-1695.8906,3923.6104,4721.6265,-3090.7605,1324.646,4718.7744,-2944.3362
image_0039.jpg,2683.2742,1698.5222,-807.99493,2803.097,1641.9099,-913.36163,2836.4197,1655.8096,-913.3973,2870.505,1669.6381,-913.72955,2744.5325,1612.6842,-666.4653,2730.9163,1601.905,-666.8969,2717.4658,1591.7329,-667.08527,2985.0613,1763.9681,-923.5636,2797.8843,1659.976,198.10483,2741.6462,1835.7278,-785.5679,2659.177,1789.8778,-462.18594,2937.4053,2327.8953,-1512.2916,2753.4421,2119.8599,1393.8271,2198.1375,2756.1335,-1130.752,2221.3562,2408.033,1444.1804,1956.8861,2335.9106,43.565243,1849.7472,2075.564,152.36487,1875.4885,2265.8071,-82.61896,1707.7069,1995.6178,-23.865688,1936.8839,2202.909,-118.074684,1770.0781,1949.9141,-142.9143,1989.7656,2245.82,67.687996,1823.2467,2003.5,39.63992,2434.0703,3470.59,-931.5881,2358.7764,3310.2803,933.7697,1804.0055,2495.286,-1065.1002,1716.4324,2724.4111,1236.1395,1335.1176,2924.9727,-347.8616,1293.583,3225.0576,1100.9797,1328.9316,3144.7258,-232.19781,1289.0862,3389.3242,1084.0035,1003.0808,2615.8792,-330.4039,1009.94885,3097.5955,906.1631
image_004.jpg,3488.278,1147.9932,145.67055,3537.3274,1079.6476,0.20542897,3547.6147,1078.2117,1.0700011,3558.8123,1076.7174,1.0693946,3542.5286,1080.0768,244.29045,3556.5513,1078.6816,243.86633,3570.7537,1078.546,244.62735,3663.9482,1104.0197,-459.9863,3676.9631,1105.3977,639.28986,3534.421,1228.4614,-15.086328,3539.294,1228.238,304.10358,3777.8325,1495.7574,-1099.5364,3780.4023,1533.1663,1332.864,3274.4592,1845.6693,-1079.5255,3310.1729,1819.019,1857.2522,2799.7957,1987.7058,-97.564384,2842.2476,1983.0308,1590.7318,2691.0247,2032.0002,-211.72925,2713.194,2017.713,1658.9224,2677.3306,1985.9281,-182.4678,2727.0222,1980.2494,1503.7181,2731.7913,1985.9525,-66.69233,2743.8708,1986.4468,1503.0377,3755.301,2608.8862,-757.0814,3740.2988,2548.4219,759.8477,2879.1243,2089.03,-681.9661,3076.3123,2065.6406,1409.0608,2597.751,2817.8887,252.47618,3192.816,2767.0415,1672.8859,2633.6284,3004.6775,351.13123,3289.6885,2892.987,1699.7959,2183.4636,2766.697,220.85239,2935.1128,2863.8047,1637.079
image_0040.jpg,2064.2173,3071.8396,-2951.8098,2169.1426,2890.082,-2831.5916,2244.2427,2888.805,-2831.1309,2320.081,2886.6504,-2831.2195,1976.596,2889.911,-2840.244,1900.9963,2884.7617,-2839.6636,1824.7355,2881.046,-2840.0325,2426.7722,2959.9224,-1648.5088,1728.8746,2942.4417,-1689.9412,2198.8142,3238.0908,-2464.2637,1934.6041,3230.2195,-2467.346,2788.376,3611.3162,-915.3817,1354.183,3525.5034,-613.84247,3103.4019,4670.8926,-1559.4901,745.2252,4422.9907,-815.07745,2371.1006,4811.073,-3660.7815,1317.7621,4823.4985,-2795.6262,2161.0188,5048.673,-4164.0728,1470.1769,5122.8247,-3226.2295,2024.661,4775.1587,-4176.8325,1672.4712,4876.8706,-3323.906,2077.289,4732.009,-3662.4934,1658.8676,4804.9487,-2834.4326,2371.4424,5193.743,-71.23143,1560.8385,5163.7344,73.85788,3182.8699,5207.2407,-3194.4592,737.36694,4963.166,-3209.6453,2831.7239,6700.6865,-1883.6295,761.98315,6519.687,-1431.7563,2670.999,6870.734,-1782.5391,920.6711,6758.894,-1293.5167,2969.3374,7369.7427,-3039.8591,345.10767,7129.216,-2355.1702
image_0041.jpg,1627.1636,2249.8386,-2413.0715,1689.5554,2144.5034,-2378.6165,1732.3497,2137.918,-2377.579,1775.8871,2130.56,-2377.0896,1588.9686,2161.5437,-2253.3147,1552.8547,2165.1648,-2253.8477,1516.2855,2169.8958,-2253.864,1888.7925,2167.735,-1871.5986,1535.0824,2216.1567,-1361.4121,1744.3973,2336.3704,-2217.996,1598.7295,2353.5042,-2067.4412,2284.7815,2583.8137,-1778.1705,1433.881,2572.697,-818.2047,2603.9207,3190.2117,-2443.579,659.73224,2847.122,-1363.0304,2026.1268,3689.8142,-3059.4473,672.05365,3392.1648,-2437.9058,1928.5413,3916.0322,-3314.9915,621.28625,3647.7847,-2700.7546,1747.4847,3826.8933,-3323.446,817.38806,3612.97,-2753.6272,1792.3551,3788.8774,-3048.858,853.4311,3565.2368,-2484.1682,2001.3954,3733.2283,-363.2454,1583.2927,3621.9426,365.527,1644.4915,3638.1204,-1674.1454,777.64233,3043.0332,-244.78694,1406.8705,4235.742,-57.274784,1216.9424,4163.849,190.82687,1424.0155,4267.9697,136.23769,1410.0385,4313.1504,231.57423,1154.0801,4604.9316,-118.79903,931.8248,4601.404,-239.78511
image_0043.jpg,3052.2715,458.6954,-2996.56,3097.9846,365.0731,-2868.0564,3134.2646,359.74683,-2868.5154,3171.178,353.68002,-2868.789,2993.7554,379.94098,-2862.6665,2957.02,384.28055,-2861.7556,2920.096,389.2337,-2861.8489,3235.555,395.72513,-1922.3954,2883.8213,438.6264,-1892.7771,3134.4727,548.6642,-2633.6904,3003.4614,565.0593,-2620.3323,3547.1782,884.2527,-1149.694,2666.2244,906.7948,-1139.8208,3654.1091,1611.1129,-1558.1882,2478.1172,1595.5222,-1866.0355,3403.0715,1548.3439,-3322.6204,2787.2798,1307.1964,-3809.37,3310.6506,1576.5509,-3714.15,2911.3625,1272.1549,-4202.1646,3313.813,1432.354,-3750.2378,2895.9792,1111.2185,-4192.9355,3313.5188,1423.978,-3363.6697,2900.864,1137.1628,-3830.8804,3363.0374,1935.6709,22.678905,2843.576,1950.2645,-21.932472,3772.1687,2470.192,-2633.66,2513.9028,2516.323,-2460.0928,3624.2268,3418.9768,-883.18207,2642.5312,3421.897,-826.776,3520.463,3566.222,-755.725,2738.3865,3569.8071,-707.3432,3826.3352,3734.1257,-1782.8575,2432.2603,3709.7673,-1722.2289
image_0044.jpg,1476.7965,348.94568,-396.69376,1523.9567,328.2302,-427.0622,1537.3208,330.4434,-427.21634,1551.3053,332.6535,-427.44403,1501.4181,324.41614,-320.51602,1497.1295,323.75388,-321.08038,1493.0938,323.38504,-320.84818,1606.8147,368.24918,-457.1594,1529.187,355.0117,18.550587,1508.9246,404.25238,-405.85654,1475.8829,396.93802,-267.7643,1671.8193,618.7229,-633.7818,1540.6887,599.7513,348.45212,1921.3652,959.05817,-793.2503,1651.493,933.68097,359.2912,1833.7649,1257.6565,-691.5349,1620.1765,1177.1501,31.56918,1842.323,1335.4316,-791.1827,1596.2467,1257.7278,9.489951,1779.0815,1308.8987,-785.19855,1600.441,1251.4084,-92.433304,1789.1345,1288.6549,-675.83154,1614.2682,1228.093,-18.110708,1449.4895,1233.7725,-331.11606,1396.3103,1117.794,333.71378,860.3958,1129.3453,-305.26926,1004.3868,771.66095,423.08127,458.4199,1271.2858,-4.6368575,989.3241,1140.7001,315.39487,456.0816,1324.7155,50.27263,1037.3397,1231.3365,297.96933,187.21959,1189.3119,30.43393,825.2078,1127.0664,226.76773
image_0045.jpg,1693.3531,1223.7465,-953.44305,1777.6768,1117.3368,-1140.3125,1804.3429,1114.7206,-1139.793,1831.759,1112.3984,-1139.987,1746.1862,1121.4413,-791.6734,1746.4342,1120.7552,-790.8091,1747.8712,1121.1575,-790.59064,1996.3181,1165.5345,-1476.9789,1901.1523,1170.5117,70.321754,1804.3105,1339.3387,-1070.6414,1754.5485,1338.5747,-623.1543,2313.4038,1765.426,-2089.7883,2016.5071,1701.8568,803.0438,1766.4685,2493.283,-1571.1783,1583.2405,2342.7659,-587.0513,1579.0054,1745.3748,47.6503,1508.2694,1756.4631,-2828.9724,1459.3905,1578.4156,-36.697193,1430.9963,1625.4241,-3027.373,1607.4696,1530.8315,-157.82558,1557.6462,1543.0442,-2824.395,1670.7017,1593.876,63.018337,1622.8497,1591.4519,-2817.2068,2584.8354,2971.236,-969.14575,2390.6277,2790.6401,973.9064,1527.7899,2445.3901,-1073.4081,1441.7103,2232.0928,1364.23,1857.4338,3209.9016,1192.0283,1793.6117,3088.4995,2075.4475,2054.7087,3337.3997,1462.7477,1962.4739,3217.7163,2143.893,1519.3317,3416.3555,1979.6909,1554.2839,3365.147,2426.9792
image_0046.jpg,1236.579,1267.7684,-1106.4454,1338.826,1177.8928,-1149.1495,1378.2234,1181.5596,-1148.2859,1418.3386,1184.7502,-1147.539,1268.4225,1167.5114,-883.65283,1252.3733,1161.4635,-883.33215,1236.4038,1156.185,-883.9753,1573.5431,1231.9341,-1127.4926,1341.1256,1192.3444,60.29599,1346.2493,1380.8031,-1092.8094,1246.956,1362.7914,-749.84155,1986.4299,1759.4597,-1511.6467,1249.5337,1655.3711,635.3556,1624.5746,2569.2603,-1859.4153,923.16846,2274.7085,-177.6405,1262.3038,1804.5973,-1872.2036,1019.4958,1710.2715,-1740.8766,1140.9186,1628.0021,-2001.6487,1029.9456,1592.2646,-1872.3601,1267.5608,1540.3411,-1970.5466,1089.4758,1523.1826,-1709.5463,1305.6368,1603.7969,-1825.0753,1128.2633,1569.577,-1696.2477,2039.7489,2817.654,-606.2263,1555.8235,2713.546,611.46387,1595.2507,2772.388,-3194.8132,587.40076,2323.1604,203.07024,1227.2272,3098.0317,-1193.7129,1190.1744,2999.467,-212.88438,1286.606,3137.9097,-945.22656,1352.3923,3072.2341,-244.91801,749.08655,3109.4175,-1220.4274,1085.3265,3150.6758,-647.56793
image_0047.jpg,1639.1605,3060.1333,-1583.138,1656.5222,3014.6208,-1565.1628,1668.945,3014.6655,-1565.1781,1681.4624,3014.4958,-1565.3253,1620.3773,3009.646,-1573.059,1606.5477,3005.086,-1572.3955,1592.6484,3000.8643,-1572.2064,1692.1906,2995.7698,-1117.3945,1561.5684,2977.107,-1175.0936,1651.7465,3073.812,-1388.2554,1607.7789,3066.3547,-1403.5475,1784.8124,3053.3154,-754.527,1428.5581,3060.9456,-714.96576,1826.1622,3271.2393,-872.1486,1383.7955,3301.2224,-878.6955,1767.9277,3431.61,-1590.7268,1483.7319,3368.134,-1642.9607,1768.4991,3510.0476,-1811.2964,1508.9601,3413.1562,-1857.7551,1721.9034,3480.1973,-1868.5344,1534.1526,3367.2007,-1913.8064,1705.5681,3453.9167,-1619.821,1540.5914,3352.8584,-1673.6277,1726.0271,3424.6501,4.8392305,1535.6925,3438.4482,-2.581526,1859.1617,3477.6355,-1286.7102,1415.2589,3518.7927,-1321.4183,1704.9281,3826.3494,-634.9038,1642.5674,3849.2207,-671.2258,1669.3611,3849.246,-582.01697,1690.8337,3867.5613,-618.41077,1676.0061,3998.1824,-1018.15784,1685.4298,4014.214,-1073.1185
image_0048.jpg,2113.9775,2696.0164,-1480.3508,2061.556,2588.0918,-1332.5312,2086.6685,2581.898,-1332.268,2112.5007,2575.0952,-1333.0748,1972.2318,2604.859,-1514.0885,1921.6116,2612.0046,-1513.9314,1870.9624,2619.711,-1515.2465,2018.3888,2637.0032,-588.06165,1684.9319,2709.0361,-1391.9135,2123.0403,2820.1404,-1211.0629,1986.2366,2844.8281,-1438.8612,2252.8303,3176.2678,-664.02045,1277.5503,3263.5579,-1217.2216,2795.3865,3874.5867,-1408.0227,578.35394,3926.8113,-1603.2349,2339.4553,3985.7153,-2355.6152,1197.5292,4068.7947,-1527.1078,2202.191,4126.329,-2393.4448,1351.0941,4198.9097,-1459.323,2104.3416,3974.3152,-2325.7134,1490.9451,4050.579,-1321.3813,2132.3628,3971.4976,-2300.0793,1448.4119,4045.7502,-1418.5863,2262.8562,4421.1514,239.93646,1674.804,4547.139,-240.46362,3303.4983,4141.1895,-124.414314,1393.478,4612.212,-1728.0941,2238.7117,5064.802,-333.34802,1878.6946,5069.8193,-565.44006,2033.3873,5084.678,-290.26862,1904.0345,5057.3945,-389.33026,1996.7976,5446.1255,-359.80862,2110.3462,5274.202,-456.01178
image_0049.jpg,1941.2698,1481.4541,-2019.3522,1994.2458,1412.8577,-1927.5819,2025.6257,1421.1819,-1927.2777,2057.974,1429.3298,-1926.3608,1908.9794,1393.7749,-1978.2424,1874.0522,1384.8452,-1978.3933,1839.0264,1376.3689,-1978.8188,2064.7153,1487.5948,-1267.4835,1764.602,1407.8948,-1466.7305,1967.0287,1580.7253,-1763.7844,1846.5204,1550.7042,-1818.1718,2101.9968,1810.0865,-607.0128,1440.0358,1728.9541,-1373.8708,2197.8894,2264.52,-761.9087,1238.9988,2311.2705,-1599.2567,1946.3583,2412.1526,-1847.2134,1630.4108,2751.0056,-1837.0143,1890.9248,2547.5193,-2134.766,1665.4587,2924.6711,-2023.109,1786.0444,2461.0466,-2213.0444,1819.299,2885.6213,-2057.19,1778.1602,2435.9038,-1892.7532,1795.499,2836.203,-1833.0726,1664.1196,2560.462,244.6297,1268.1915,2539.0469,-244.40749,2294.6785,2377.2622,-305.17413,1108.2456,2607.9182,-2139.951,1912.5602,3064.6277,437.3199,725.8251,3656.5586,-1842.0514,1777.65,3144.9856,492.66815,688.19965,3807.2424,-1837.518,2036.2667,3382.9714,129.44284,615.0001,4036.6382,-2549.1597
image_005.jpg,2574.3965,1894.2052,-1216.0514,2663.4817,1799.5428,-991.36475,2708.659,1815.8544,-992.10565,2754.6006,1831.1992,-991.4508,2538.3271,1757.6964,-1062.3998,2487.6658,1738.9373,-1062.9022,2436.9321,1721.3425,-1062.7578,2772.7112,1902.3347,168.1979,2335.0586,1753.6877,-148.10178,2604.1533,2048.3728,-797.82404,2438.2793,1990.2073,-892.29584,2889.961,2474.2644,753.3133,1767.147,2235.7493,71.98771,3236.3997,3263.1758,-773.7661,1220.6263,3099.7856,-544.0968,2934.5671,2384.3723,-2284.6833,1487.7686,3801.2603,-1079.0894,2828.7642,2163.295,-2543.9668,1473.089,4059.4119,-1193.7368,2842.6042,2045.2441,-2261.0774,1700.8464,3988.4177,-1137.1763,2807.0442,2165.4792,-2191.6704,1717.4868,3926.5454,-1018.07104,2416.3875,3846.2327,201.48027,1698.3185,3804.019,-197.64645,3369.0178,3754.7722,-2399.7173,1128.6311,3710.2139,-3928.746,2946.9814,5145.133,-1723.9946,1159.1575,5027.956,-2613.4875,2731.2673,5304.2783,-1664.0482,1250.1469,5172.9126,-2506.8406,3261.1492,5752.1177,-2572.23,974.5108,5591.604,-3506.068
image_0050.jpg,1299.1034,1836.7649,-1409.058,1336.7975,1781.3788,-1309.0245,1363.8291,1776.3423,-1308.7839,1390.6428,1771.0613,-1308.9501,1270.5636,1797.6345,-1256.345,1249.2227,1803.5491,-1255.6398,1227.8318,1810.5077,-1255.5609,1459.2665,1801.1051,-715.07434,1237.4219,1851.994,-474.90784,1371.6971,1892.1674,-1195.9514,1282.6943,1912.1495,-1126.764,1685.63,2057.4736,-545.69464,1184.3228,2176.5774,-159.57114,1749.6659,2464.8247,-1618.9883,1243.018,2528.6133,-1117.1709,1436.6041,2273.8286,-2774.7576,1293.2616,2260.1877,-2450.2385,1355.855,2223.2566,-2985.799,1307.9816,2201.3833,-2681.9392,1360.8749,2161.8137,-2903.0767,1298.1239,2134.9065,-2608.6123,1373.1392,2194.0386,-2764.7144,1314.3856,2157.9756,-2445.739,1697.6681,2724.102,-178.08763,1394.2863,2753.7148,177.99265,1700.4362,2393.7937,-2376.529,950.70306,2569.1736,-1061.6901,1600.8674,3006.0845,-2324.2231,697.81213,3010.9385,-1354.0419,1591.5251,3110.031,-2341.5725,726.63586,3126.6846,-1405.58,1551.1707,3124.6973,-3052.152,451.02246,3068.3845,-1988.8114
image_0052.jpg,918.4463,1457.2036,-499.2525,935.04944,1428.029,-412.444,946.30255,1434.6633,-412.0469,958.13416,1441.3492,-411.9548,899.0824,1407.8267,-476.2644,883.2215,1398.789,-476.1381,867.3156,1390.1537,-476.35327,936.84875,1450.9022,16.574722,813.5159,1384.6829,-248.22726,910.28644,1502.8677,-341.15982,860.89453,1476.0079,-416.51056,898.8874,1615.811,336.22797,622.78674,1544.3973,-555.39734,1098.13,1795.5414,-49.828835,741.21344,1923.9364,-842.1391,1164.7517,1921.7562,-874.7361,1090.3518,2093.8228,-718.67676,1192.4741,1997.5269,-1008.4974,1162.7917,2163.1929,-815.3856,1141.4744,1954.4539,-1053.3412,1198.6943,2122.3145,-781.7405,1116.9384,1943.9618,-916.5101,1158.4703,2106.3738,-691.66113,622.48975,2095.225,267.5655,427.1259,2074.348,-266.96075,1065.8717,2049.466,-179.27275,777.649,2049.9744,-1108.0542,870.9045,2455.3418,-172.7667,475.3084,2435.535,-914.96844,782.7837,2499.8525,-184.85455,384.76025,2466.5393,-902.3295,980.15344,2640.4287,-465.18137,563.55743,2654.0244,-1197.3339
image_0053.jpg,3003.0781,2063.9727,-4211.8784,3064.7673,1939.026,-4159.713,3110.844,1935.3252,-4159.6357,3158.0474,1930.9716,-4160.778,2950.2256,1943.5792,-4150.653,2909.5283,1940.6168,-4149.705,2868.7292,1938.9746,-4149.6685,3241.6482,1947.1152,-3102.03,2837.8794,1947.0155,-3041.2292,3104.392,2137.8757,-3781.7163,2948.6086,2141.6602,-3760.4866,3552.4346,2191.274,-1943.091,2686.379,2447.194,-2885.3726,4215.7334,2715.9424,-2538.248,3009.3706,3260.6282,-3120.9973,4156.489,3336.6418,-3781.1396,3771.4006,3546.8389,-3275.9702,4185.56,3598.4673,-4067.9277,3964.1484,3702.9155,-3637.6372,4026.1062,3542.5884,-4221.0063,3984.3965,3572.0398,-3640.216,4002.2805,3475.3408,-3852.5984,3899.3906,3519.274,-3277.1135,3534.3213,3357.86,367.8574,3098.142,3583.0103,-363.3221,4373.0503,2609.5862,-1009.5301,3165.4905,3267.0718,-3204.3262,3925.759,3675.8174,-1175.6876,3797.7383,3844.8901,-2506.82,3792.8848,3798.5703,-1154.091,3827.5273,3922.1,-2386.2053,4042.605,3911.2427,-1907.5759,4184.997,3943.1343,-3043.281
image_0054.jpg,1936.8943,2255.1814,-1838.6711,2022.3279,2157.5361,-1695.6888,2072.142,2165.769,-1695.9718,2122.4497,2172.9993,-1696.4376,1890.0787,2141.2385,-1705.9332,1841.4626,2135.3538,-1704.8995,1792.6451,2130.5952,-1705.324,2184.9724,2255.0256,-742.31946,1724.8491,2195.385,-800.13306,2011.5681,2403.8113,-1474.0642,1832.9242,2377.6567,-1485.0769,2442.4412,2857.1624,-283.9232,1335.0238,2752.531,-310.68298,2760.576,3620.058,-979.4144,975.53107,3560.673,-1173.996,2481.0752,3770.438,-2753.6057,1596.2258,3511.7217,-2812.4734,2407.3518,3916.2842,-3103.3472,1805.9509,3624.8435,-3102.7961,2299.4675,3775.066,-3054.7834,1881.167,3408.8335,-3036.288,2289.3064,3749.857,-2739.8918,1839.3357,3415.0957,-2769.0542,2165.6091,4061.6274,17.908133,1514.8728,4032.3623,-16.217247,2874.6282,3941.6438,-2827.052,1064.6118,3854.332,-3195.7842,2304.0918,5214.869,-1774.1353,1271.2592,5249.404,-2200.6665,2146.734,5335.565,-1696.245,1376.2003,5438.301,-2126.4395,2300.604,5750.6304,-2595.459,1128.6322,5730.899,-3094.708
image_0055.jpg,1586.4734,1564.7881,-2397.7302,1579.4995,1449.856,-2236.6907,1611.0332,1447.9736,-2237.5137,1643.2914,1445.1803,-2238.1433,1465.855,1454.4109,-2370.588,1413.2957,1454.3546,-2369.008,1360.7722,1455.0029,-2368.8489,1577.29,1483.1423,-1095.6045,1183.4163,1499.6821,-1709.7711,1593.7474,1675.6724,-1946.7222,1445.0891,1678.7109,-2119.9873,1768.9231,1990.7965,-553.4881,727.1137,2038.3453,-908.8998,1987.1906,2698.8884,-1056.6111,556.41254,2859.3027,-1682.2386,1816.9673,2854.5479,-3300.8433,917.11816,2880.766,-3600.689,1747.3165,3002.0396,-3835.2485,1057.6174,2990.4,-4006.749,1663.6184,2863.5571,-3914.1455,1091.2981,2798.7634,-4108.9,1639.4019,2832.6484,-3369.2744,1080.3357,2774.564,-3649.0364,1555.7281,3237.126,88.1915,952.0825,3289.0737,-84.13796,2188.149,3161.8015,-2770.9187,552.92413,3177.521,-3524.7642,1981.606,4415.832,-1476.679,794.76105,4428.5254,-2039.27,1850.5015,4561.304,-1392.7129,885.1776,4579.3433,-1919.5503,2133.3604,4935.8203,-2514.0803,742.98895,4918.366,-3050.2358
image_0056.jpg,1786.1975,2553.584,-3181.144,1827.0881,2474.9995,-3072.1387,1853.5481,2475.2166,-3072.273,1881.2954,2475.2695,-3072.3704,1749.0344,2469.0728,-3143.7058,1718.913,2464.1047,-3143.4836,1688.8983,2460.008,-3142.4885,1888.6532,2486.4226,-2303.0884,1634.217,2466.085,-2583.8347,1815.2623,2616.3232,-2874.7715,1714.7823,2605.304,-2951.0837,1938.6141,2769.389,-1484.537,1413.3489,2678.1902,-2540.8792,2176.5415,3071.9482,-2016.8785,1490.3202,3142.725,-3015.4414,2315.819,3394.43,-3019.5764,1911.2819,3390.3218,-3408.29,2399.9739,3512.3884,-3225.6104,1986.6655,3487.9749,-3703.4102,2339.245,3493.9385,-3415.1584,2061.0703,3454.2478,-3705.814,2293.0193,3474.2322,-3136.7996,2023.6993,3432.7996,-3418.1772,1573.7864,3298.0168,293.4089,1249.6063,3313.8105,-292.05466,2103.8367,3246.199,-557.0333,1568.9473,3446.2817,-1116.2827,2399.1382,3622.2556,-245.64305,1477.2281,3374.567,667.70795,2370.6946,3725.7363,-226.92198,1449.3158,3341.4124,870.27325,2675.9238,3669.8206,-619.94324,1514.7865,3454.8044,742.9671
image_0057.jpg,1408.2185,1592.2839,-2447.1572,1454.2521,1487.6232,-2522.656,1488.8029,1479.4639,-2522.93,1524.3976,1470.9095,-2522.6514,1382.5397,1503.9298,-2282.6863,1361.4839,1506.4512,-2281.9773,1340.0348,1509.6682,-2282.1702,1650.9908,1479.2174,-2356.8477,1413.9115,1531.63,-1308.8359,1526.5894,1658.8307,-2355.2322,1428.6191,1678.8418,-2046.0283,2091.2908,1971.7355,-2503.4148,1436.4974,1844.4137,-262.062,2024.0491,2756.1868,-2789.9348,954.4553,2326.8518,-131.5841,1494.3861,3296.6877,-2935.4868,1004.77484,2455.2734,-1243.0638,1414.3715,3510.6562,-3272.9373,1011.1207,2561.6482,-1420.4198,1289.9812,3414.88,-3290.315,1078.4823,2472.3164,-1588.2203,1326.7266,3361.8096,-2919.8547,1106.7728,2461.0962,-1324.5398,1721.3848,3111.7727,-712.6997,1380.2937,2960.3867,713.53534,1092.9469,3061.911,-3061.6594,717.6473,2779.618,-692.69806,1024.4786,4091.361,-1896.399,1011.45135,3895.4485,-245.3336,1135.8029,4250.207,-1772.5396,1177.302,4051.117,-203.97575,664.4869,4391.8853,-2434.2969,747.1657,4227.3135,-698.5994
image_0058.jpg,2320.37,2044.9103,-4496.618,2417.7566,1833.8625,-4288.217,2491.857,1846.8425,-4287.2056,2567.4595,1858.4324,-4286.6436,2218.818,1794.097,-4416.7754,2132.067,1771.7924,-4416.7256,2044.9662,1750.7357,-4416.867,2567.9539,1956.6212,-2837.9773,1844.3499,1802.082,-3395.2078,2389.4297,2254.8403,-3935.1028,2093.4104,2196.207,-4089.6436,2731.3252,2564.973,-1588.6755,1078.2225,2570.4402,-3044.0366,3681.0286,3526.9353,-2000.6442,608.46136,4100.368,-3616.354,3338.256,4603.375,-3494.1912,1955.7368,4927.2886,-4119.0034,3341.019,5087.634,-3897.9302,2306.8413,5328.0215,-4480.48,3019.1152,4978.0933,-4032.4607,2530.265,5037.2227,-4478.5728,2965.3523,4837.2915,-3583.7764,2404.7239,4920.822,-4069.2979,2140.3447,4310.331,350.3065,1253.5464,4508.997,-347.63498,3558.6636,3727.335,-1702.6655,937.0002,4825.69,-3813.4077,3428.7822,5578.778,-390.7923,1684.8912,6289.557,-1632.856,3166.657,5893.426,-288.7303,1815.4957,6471.3184,-1433.0428,4219.0176,6315.297,-1048.9377,1799.4783,6983.5703,-2416.6072
image_0059.jpg,1795.0553,1865.6323,-499.55948,1907.0145,1755.5199,-493.8828,1956.3481,1757.1656,-493.17804,2006.5737,1758.1002,-493.29663,1800.9147,1753.573,-340.96243,1769.5405,1749.7036,-340.90176,1737.5326,1747.388,-343.0837,2162.5842,1808.8617,-121.67449,1799.5253,1783.9734,615.54236,1920.496,1984.0083,-362.2328,1781.9493,1975.959,-144.01787,2564.0698,2310.3372,-20.514809,1549.1549,2274.7578,578.8534,2599.1094,3030.5981,-865.613,1392.1489,2923.4995,-586.8572,1780.5886,2982.131,-1410.4677,1833.632,2209.4983,-1735.4766,1558.7506,3063.2332,-1550.2515,1973.3182,2051.0483,-1914.6862,1520.9395,2931.645,-1365.4404,1934.1277,1914.8573,-1758.7938,1586.0197,2933.4626,-1318.3141,1931.6676,1993.7954,-1698.8489,2281.5596,3622.0535,40.407837,1659.2167,3607.3325,-39.164948,2671.9912,2927.0415,-2098.1892,1597.4208,2978.4353,-2077.0518,2308.1553,4219.493,-2263.1863,1587.8381,4356.525,-2332.5159,2196.0054,4422.491,-2288.7979,1591.9822,4588.9824,-2378.1091,2324.232,4570.2417,-3268.094,1682.0441,4705.4214,-3258.3638
image_006.jpg,1951.5798,1747.1803,-2209.7686,2042.5459,1624.5902,-2073.456,2100.5566,1634.452,-2073.0283,2160.4001,1643.6433,-2073.3354,1890.892,1599.7925,-2150.3733,1831.4543,1588.0894,-2149.6353,1772.4545,1577.5994,-2148.3972,2193.026,1735.885,-1049.5724,1674.4744,1647.3529,-1349.6318,2027.1284,1914.3282,-1814.1979,1809.7284,1878.0416,-1898.6886,2219.9097,2413.3755,73.48007,1330.7762,2107.963,-1907.1785,2691.1626,3087.8203,-383.47403,2145.3032,2732.6987,-2690.8599,3134.8616,3384.3506,-1824.4799,3115.3472,2883.089,-3134.9172,3334.5874,3565.2168,-1968.241,3305.837,3060.4214,-3509.6248,3237.8762,3497.8145,-2249.6133,3388.5603,2961.5376,-3530.6458,3118.1455,3466.3699,-1983.7189,3278.6235,2949.4666,-3129.1733,1567.5502,3815.4492,559.6824,960.2012,3761.7332,-560.40533,2772.0007,3959.801,-993.4414,1780.6489,3936.3208,-2924.211,3027.9878,5527.002,-702.16754,1819.4434,5734.405,-2818.7847,2861.187,5825.6255,-734.94226,1682.8828,5997.453,-2854.7822,3709.5068,5949.653,-1722.9515,2385.186,6358.8213,-4078.4822
image_0060.jpg,2266.1333,1483.4374,-3922.7798,2284.7063,1356.6874,-3810.9138,2332.319,1345.3302,-3809.7546,2379.7163,1332.8281,-3808.7305,2147.5894,1394.0007,-3857.308,2090.989,1408.4426,-3856.4832,2035.5312,1424.164,-3856.504,2428.3918,1388.5818,-2732.601,1965.456,1519.6527,-2867.1887,2374.4434,1585.9126,-3477.9465,2186.087,1635.2452,-3520.328,2812.2444,1907.4392,-2665.555,1923.5863,2041.1029,-1152.8641,2558.5999,2992.356,-2828.936,1797.9955,2807.1929,-563.46326,1871.843,2892.9148,-3454.912,1906.4531,3568.6533,-1589.0607,1684.7448,2945.7617,-3796.1514,1858.7225,3873.479,-1711.4742,1704.1753,2758.113,-3930.7227,2007.637,3845.7134,-2163.8647,1787.8215,2758.3733,-3504.1401,2090.321,3735.414,-1766.433,3205.8867,3016.8228,-597.2446,2693.92,3038.9883,595.3798,2684.72,3430.1748,-3060.9004,1718.6371,3417.3906,-1203.0295,2532.2864,5019.2,-2520.4775,1456.3882,4812.3066,-760.59937,2598.2952,5230.645,-2476.815,1576.0459,5083.6714,-747.66095,2061.158,5576.468,-3489.5427,818.6274,5178.4043,-1541.4083
image_0061.jpg,1222.0183,789.4932,-1073.1638,1262.7366,678.02484,-804.57117,1310.9677,666.47156,-804.96765,1359.553,653.6009,-804.56104,1131.9132,715.789,-830.96814,1083.3573,729.59576,-830.7132,1035.065,744.1227,-831.72894,1451.2758,721.3779,520.2996,1001.51404,847.1525,390.22797,1354.2029,900.0679,-599.7841,1168.5868,949.9463,-637.6944,1907.7072,1264.4432,1278.869,902.7949,1442.7249,547.51917,2423.4482,1832.6627,1445.905,947.72235,1996.6729,-874.04926,2724.4177,2156.0095,253.0328,1623.2731,2135.7646,-2855.0757,2865.1538,2254.5798,-87.94414,1790.3563,2285.8335,-3284.37,2776.013,2207.482,-315.58163,1880.9995,2145.508,-3355.3633,2700.3074,2202.963,113.92585,1838.5538,2138.7017,-2902.7766,2090.9836,2479.9695,122.99263,1431.1398,2608.5208,-120.138954,2804.306,2760.5408,-3246.425,1227.6216,2821.5115,-4115.6646,3052.3196,4279.4062,-2611.4385,1687.01,4343.6343,-3688.1853,2966.7607,4487.317,-2604.2349,1806.6528,4517.201,-3681.1562,3333.3318,4837.38,-3944.9048,1788.1228,4915.7275,-4892.413
image_0062.jpg,3206.8052,1240.9653,-2288.2842,3310.1113,1089.0353,-2327.2578,3365.7896,1080.2987,-2325.843,3421.9658,1070.7346,-2325.3896,3184.225,1104.0939,-2187.7612,3142.9395,1102.0789,-2187.2993,3101.813,1101.7119,-2187.6765,3588.6165,1056.4163,-1843.9635,3143.8777,1094.365,-1255.3789,3349.127,1325.8252,-2071.194,3187.0425,1332.6672,-1897.0123,4058.259,1428.9347,-1852.3077,2997.0803,1455.144,-829.35425,4157.7715,2204.0208,-2588.7222,2117.548,1970.1545,-2074.608,3249.6982,2295.8145,-3446.0564,2695.2256,2261.1304,-3498.847,2984.1875,2436.5063,-3565.5044,2896.7627,2485.2446,-3637.9133,2933.799,2261.2305,-3520.2944,3039.294,2304.254,-3509.4292,3028.852,2261.2622,-3383.2703,3002.2864,2290.696,-3445.0396,3960.0334,2830.8933,-323.50458,3350.6033,2775.8308,323.35794,4162.799,2417.5498,-2778.3967,2187.639,2107.7366,376.24768,3205.2917,3271.2688,-1761.8912,3214.7083,3187.2854,-292.46466,3125.0867,3372.516,-1593.7578,3502.1262,3325.31,-337.13916,2620.8064,3476.8948,-2165.8071,3018.0923,3562.1165,-771.56757
image_0063.jpg,2119.2937,814.4385,-3964.952,2188.1873,707.1893,-3741.684,2239.7927,717.05963,-3741.169,2292.3345,726.4196,-3741.1099,2055.0737,684.72986,-3803.5232,1998.373,674.6686,-3803.5234,1941.6423,665.5374,-3803.994,2313.5396,829.00806,-2584.3206,1842.2184,747.56775,-2860.8281,2189.165,972.47656,-3542.9343,1977.9666,939.1901,-3619.4036,2444.2634,1521.4523,-1926.113,1337.5638,1453.3414,-2751.8862,2512.331,2432.5354,-1883.748,1101.3956,2510.2,-2961.3884,2220.634,2999.405,-3033.6355,1571.6699,3290.3853,-3499.278,2196.3896,3274.355,-3382.4363,1608.021,3602.1501,-3846.3552,2018.8823,3193.798,-3522.7397,1842.704,3513.2969,-3899.8784,1998.2375,3099.4739,-3099.6145,1830.966,3402.1167,-3518.5396,2051.4204,2810.6047,303.51477,1412.5492,2867.984,-301.37445,2831.0247,3169.584,-1637.481,1181.9609,3798.1636,-2523.2117,2021.277,3458.1682,365.11093,1786.8604,4129.094,-276.86563,1864.038,3417.3918,597.26886,1842.342,4073.796,-37.667545,1958.7533,3744.0234,312.56824,2096.8271,4490.4233,-447.39404
image_0064.jpg,1508.6349,1660.4362,-560.7429,1510.2511,1599.8387,-433.02512,1529.8965,1599.9176,-433.21274,1550.0096,1599.5746,-433.68204,1447.1625,1601.1458,-514.12213,1418.6389,1601.8081,-513.8555,1390.5167,1603.0972,-514.0573,1534.1611,1639.4575,204.06398,1311.5125,1650.1758,-151.64946,1530.0979,1734.2737,-328.84882,1441.3705,1736.2633,-431.9739,1661.3163,1969.581,354.7282,1068.2291,1978.2723,-232.23174,1994.8661,2245.8494,-252.485,1014.53143,2362.818,-904.44336,1769.3232,2432.8552,-1271.5118,1536.7139,2460.3953,-1437.1853,1718.6576,2527.5676,-1476.6393,1679.3276,2547.389,-1555.3325,1635.7047,2482.519,-1386.6371,1738.2003,2468.503,-1520.0789,1643.7563,2475.2336,-1238.6257,1690.5873,2461.3542,-1392.0568,1575.7014,2748.9705,218.92847,1239.2428,2805.161,-216.51627,1942.3282,2268.4133,-1092.4404,1079.0554,2471.0913,-2067.7727,1667.9235,3017.7644,-1103.8536,1503.2537,3049.701,-1543.8746,1547.5039,3099.0916,-1101.4674,1535.5906,3104.628,-1483.1863,1812.0498,3291.009,-1721.3873,1738.0299,3263.4883,-2089.319
image_0065.jpg,1614.7737,2001.5176,-1628.2881,1663.0492,1953.0217,-1496.2853,1690.4602,1962.131,-1496.2908,1718.5115,1970.6016,-1495.9722,1584.724,1932.3828,-1538.3074,1554.6711,1924.5571,-1537.0199,1524.4456,1917.2856,-1536.7094,1739.7327,2028.4185,-744.09314,1461.3726,1955.5082,-894.50415,1644.8105,2099.5217,-1342.4489,1535.0637,2069.0813,-1387.3379,1877.0248,2444.0774,-378.63904,1149.0547,2323.4158,-779.85046,1961.8821,2969.9539,-493.72955,1068.9227,2887.6174,-961.0802,1956.2736,3332.4707,-1641.948,1384.9551,3343.7368,-1463.827,1991.8894,3488.4207,-1964.8685,1405.9377,3528.6409,-1689.3252,1896.0454,3437.9463,-2123.5627,1561.0728,3487.8145,-1771.4226,1852.4293,3388.2166,-1723.0237,1558.1854,3431.494,-1477.9905,1630.9856,3312.3496,1.6124113,1172.9344,3260.7952,2.0393848,2112.29,3530.453,-2007.1685,719.1747,3378.1807,-2244.9585,1755.0605,3777.8757,-678.34143,751.4237,4332.943,-1529.0879,1668.7495,3739.4534,-541.6902,830.6792,4449.394,-1488.9806,1719.8679,4046.4985,-995.1786,604.12085,4710.1104,-2242.4934
image_0066.jpg,2595.8176,1023.37317,-3093.6704,2650.277,844.78986,-3041.3552,2707.8284,832.03186,-3041.9856,2765.8606,818.5148,-3042.5728,2501.9504,868.58545,-3013.9358,2443.8271,870.8303,-3012.3757,2385.3755,874.0663,-3010.994,2868.0771,819.72394,-2182.309,2325.8962,888.95984,-2037.6971,2728.0325,1105.294,-2722.9697,2525.2563,1132.4006,-2675.2046,3303.257,1275.352,-1573.9241,2053.9094,1301.0869,-1404.1523,3496.2502,2192.507,-1900.4213,1858.3398,2187.5378,-1553.779,3133.7815,2731.375,-3239.728,2169.5173,2678.109,-2982.3147,3065.7937,2998.2805,-3649.6487,2229.4768,2939.916,-3399.7585,2909.1577,2866.189,-3746.0244,2374.0203,2783.3147,-3548.345,2881.2258,2778.2214,-3272.0015,2404.7876,2695.2046,-3047.681,2980.1504,2690.788,-12.946094,2285.7808,2716.71,18.075165,3671.1826,2890.4568,-2602.36,1770.5775,3005.7478,-2595.5825,3418.0115,3932.8118,-1118.7788,2075.3613,4018.9402,-976.50214,3270.9402,4077.7136,-987.02026,2194.8267,4162.9067,-843.62476,3663.8572,4396.503,-1848.9286,1982.9254,4487.2354,-1690.8271
image_0067.jpg,4051.07,1357.331,270.1404,4086.8591,1275.5001,94.642365,4096.938,1275.0212,95.52058,4107.625,1274.3702,95.64137,4092.7234,1267.9111,312.42752,4104.7134,1261.9738,311.8771,4118.0093,1256.9259,311.74887,4222.781,1297.0071,-423.40552,4235.74,1269.729,543.92834,4118.398,1438.306,88.26257,4116.967,1428.357,370.50302,4307.4634,1761.5559,-966.5956,4522.482,1579.3483,1023.76666,3705.1362,2225.6013,-741.0499,4038.413,1952.475,1538.0509,3546.292,2064.817,485.8685,3614.4995,2117.0725,1339.9904,3485.317,2022.5948,447.70093,3501.1897,2160.1992,1414.6653,3544.8247,1989.8406,466.13602,3548.0208,2152.444,1292.7352,3594.6243,2010.1334,508.2353,3584.8704,2165.4397,1287.4583,4555.6924,2932.1875,-647.1628,4639.2163,2770.365,651.97955,3694.4885,2380.8481,-564.63965,3737.387,2150.9146,913.0257,3508.4338,3153.4495,303.66956,3614.9753,2958.1436,1403.764,3604.762,3305.7134,405.33716,3705.5293,3109.0598,1435.3589,3129.7163,3189.9138,616.4689,3253.0137,3051.773,1578.4106
image_0069.jpg,2950.6323,1534.2401,-1713.5148,3036.9355,1383.0942,-1611.5204,3095.5073,1375.6099,-1610.7115,3154.2104,1367.3854,-1610.6193,2892.333,1397.7373,-1586.7831,2840.3865,1398.4812,-1586.9609,2788.3809,1400.183,-1588.5029,3279.6357,1382.451,-760.51697,2772.7869,1415.9525,-614.81213,3085.6035,1624.678,-1392.6866,2894.8855,1639.7692,-1346.961,3643.9258,1847.7936,-296.67282,2560.526,1873.8737,-216.2124,3783.832,2802.6675,-677.4961,2344.9866,2848.6528,-1183.5255,3221.0588,2208.6821,-461.3418,2822.0632,2160.697,-1829.9022,3055.5615,2074.4429,-338.2728,2986.8174,1989.857,-1775.5562,3077.8127,1923.4092,-77.43861,2909.427,1825.5388,-1524.8405,3091.3213,1995.1859,-302.71017,2912.791,1910.2886,-1694.3711,3414.1187,3133.6338,27.073458,2771.9365,3156.547,-26.316156,4114.4126,2915.854,-2613.815,1893.4259,3018.5586,-2543.2925,2767.7925,3544.498,-2332.0847,3276.3176,3483.232,-1899.6432,2650.1572,3504.9192,-2219.3926,3408.7983,3422.347,-1752.1498,2143.8066,3644.301,-2904.1519,3800.663,3546.182,-2272.0105
image_007.jpg,3888.1338,1720.8644,-69.171234,3875.9255,1683.0221,-221.55571,3865.6804,1678.7495,-221.5034,3856.087,1675.2438,-221.75224,3910.2563,1692.8275,-194.19287,3923.8696,1695.8887,-194.00603,3937.2378,1699.5042,-194.00507,3849.6394,1687.8995,-660.9619,3963.839,1721.3923,-533.12506,3877.2642,1744.8407,-194.3082,3910.6228,1755.0461,-154.9726,3746.1343,1823.859,-705.53455,4146.7495,1956.5741,-410.61813,3555.7542,2000.8344,-328.15598,4166.147,2202.9387,-59.611374,3581.6938,2048.722,167.80667,4047.1184,2210.393,436.02258,3562.4573,2057.859,176.98062,4039.613,2210.4834,525.5481,3600.6936,2043.8773,172.79288,4005.4705,2195.1213,532.95105,3619.0093,2049.9507,179.10397,3996.3245,2200.3384,462.25455,3674.254,2303.9414,-194.8418,3877.0205,2381.066,196.57921,3525.2146,2060.476,656.55695,3860.3494,2139.189,1176.6273,3527.6714,2423.7573,1579.0917,3681.821,2326.403,2182.6692,3569.0684,2492.9573,1694.2405,3661.1335,2380.5237,2294.129,3443.139,2455.6738,1952.7134,3625.345,2304.3125,2501.2622
image_0071.jpg,3175.357,3353.7964,-1663.1752,3311.8533,3197.183,-1234.3635,3397.459,3205.9922,-1235.2792,3484.2314,3213.8838,-1239.766,3080.8523,3182.1548,-1201.376,2996.287,3176.4355,-1197.8983,2912.5864,3172.1255,-1194.3945,3611.2349,3362.727,1164.8022,2838.213,3299.3296,1418.3477,3336.49,3596.0068,-792.9332,3013.264,3563.4658,-728.12683,4288.7007,4374.6685,1628.1489,2253.7517,4221.2803,2920.54,5293.5703,5421.401,-243.47337,1105.626,4974.962,578.49615,5205.5215,5844.204,-4459.3066,817.4496,5112.728,-4141.803,5290.998,6087.117,-5529.9365,640.8881,5259.743,-4953.395,4961.3184,5904.756,-5672.6455,933.61176,5161.842,-5215.8047,4896.3,5922.4497,-4595.783,1029.5302,5200.483,-4323.396,3584.1587,6978.048,-724.22015,2404.0896,6845.1367,734.5132,2867.0022,5277.089,-5953.792,1618.6887,6484.8086,-4139.6416,203.20595,7176.2773,-6791.707,1226.5007,9283.373,-5692.929,-51.829983,7519.052,-6848.2134,1338.6349,9656.865,-5882.684,-1076.2454,7376.0317,-8872.844,878.7042,10230.157,-7985.9067
image_0072.jpg,1907.7932,2594.2922,-2555.5503,2042.1643,2415.2642,-2310.217,2123.6855,2419.0754,-2310.216,2205.6843,2422.084,-2310.992,1832.8628,2407.7273,-2287.081,1755.9568,2402.1318,-2287.9106,1678.6656,2397.7063,-2289.2769,2339.4446,2512.462,-776.3724,1609.9592,2466.15,-630.6532,2052.849,2786.3782,-2000.9017,1780.959,2771.792,-1955.1531,2739.9165,3356.2588,-208.02025,1119.6943,3281.7083,-77.70116,2817.5913,4750.6914,-2245.6147,833.4287,4856.2046,-2064.9443,2205.5176,3835.1245,-4670.3423,1458.8594,3958.2717,-4435.204,2025.3322,3624.262,-4987.166,1681.919,3746.8557,-4666.875,2071.1929,3383.01,-4645.281,1621.7799,3443.6965,-4341.736,2054.274,3489.1025,-4527.61,1644.9146,3564.865,-4279.4785,2333.0327,5488.0127,43.45366,1242.3038,5400.0444,-36.710632,3505.3762,5919.454,-4469.031,183.7452,5489.2197,-4736.088,2266.518,6898.1426,-2712.4758,1174.225,6932.8325,-3423.0193,2070.819,6905.834,-2480.7634,1355.8431,7052.08,-3252.4924,1948.1572,7217.8564,-3651.7827,1389.8357,7304.905,-4543.0835
image_0073.jpg,2218.9304,1353.7451,-4009.0515,2334.035,1153.6761,-3788.8464,2408.2512,1164.1031,-3789.237,2483.8447,1173.4755,-3790.6272,2145.236,1120.8086,-3894.4092,2067.5945,1101.475,-3892.3428,1990.1141,1083.2543,-3891.5544,2543.2075,1244.2511,-2366.2322,1862.1931,1111.8921,-2759.808,2317.2383,1530.1289,-3450.8433,2040.0616,1478.4698,-3563.2676,2835.715,2046.7228,-1461.2618,1154.333,1838.3381,-2841.4167,2942.0728,3289.7441,-1389.0273,977.27576,3241.605,-3095.457,2803.1885,4233.2363,-2873.7317,1816.4938,4229.0083,-3614.5798,2852.2273,4648.7646,-3285.656,1900.8923,4648.5425,-4075.4424,2634.5828,4554.5566,-3533.1992,2199.8257,4535.4414,-4165.538,2523.6475,4386.5737,-2979.8901,2192.8481,4391.636,-3623.6458,2126.4958,3975.7234,489.2997,1166.9082,3928.6584,-482.3366,3845.7378,4726.0664,-2327.1716,1189.9559,4402.2305,-4932.141,2243.3245,5402.56,-496.72235,1461.1213,5496.9834,-1998.4675,1920.6389,5255.2104,-232.8074,1474.0962,5502.4746,-1658.686,2093.798,6201.633,-523.9547,1678.5345,6252.853,-2272.1758
image_0074.jpg,1241.9456,1045.912,-3149.7668,1314.013,890.8556,-3020.1836,1373.9446,887.5063,-3019.771,1434.3281,883.4722,-3019.3005,1159.4656,893.67,-3022.6748,1097.8584,890.5803,-3022.0276,1035.9138,888.6852,-3021.2512,1507.6539,935.241,-2006.353,952.3443,938.2228,-1998.6248,1350.7063,1167.9246,-2742.6746,1129.3732,1168.4856,-2737.9963,1845.486,1477.3794,-1455.7079,614.1175,1480.2196,-1353.5015,2068.047,2361.3083,-1740.8131,414.2777,2400.2178,-1419.1686,1634.0525,2968.9324,-2764.8313,877.28296,3005.5745,-2339.9128,1567.0865,3254.6462,-3122.6338,952.0805,3297.4785,-2723.0408,1387.6313,3134.4783,-3189.0354,1137.689,3170.7444,-2795.7507,1398.1646,3045.464,-2792.6907,1132.9175,3071.7717,-2369.879,1557.1969,2739.5168,-81.70446,871.27466,2749.8013,87.505775,2091.1326,2994.9758,-3179.7634,479.43942,2953.4502,-3067.2925,1896.3574,3923.869,-2463.5835,531.4767,3937.9304,-2653.159,1810.7573,4047.389,-2401.1638,609.7916,4094.0938,-2645.5447,1954.5393,4304.0854,-3381.1956,379.4313,4341.6987,-3627.4106
image_0075.jpg,2159.5188,1105.2845,-2120.8557,2271.3137,934.72156,-1993.6118,2342.1162,928.05676,-1993.4333,2413.7703,920.3286,-1993.3353,2109.492,951.32666,-1881.8499,2050.683,953.9681,-1880.8947,1991.0588,958.18,-1880.5414,2585.1543,1002.26904,-945.2302,2000.1906,1044.6016,-478.46915,2339.9,1256.512,-1713.4438,2099.0679,1271.868,-1576.4165,3133.3923,1710.5841,-392.65573,1738.4708,1723.5406,134.79034,3582.3582,2856.0908,-1024.9077,1352.875,2762.8823,-512.24194,2717.1663,3334.3762,-2042.8027,2135.335,3241.605,-2295.5732,2517.2424,3637.7834,-2378.5117,2330.301,3547.0674,-2765.1711,2347.0754,3421.5696,-2326.0725,2496.267,3351.4563,-2772.5332,2427.3694,3340.3433,-1993.7129,2465.5195,3274.5984,-2305.3245,2910.8308,3512.7134,-44.647152,2079.4475,3506.7014,50.34706,3502.0166,3583.146,-3956.0398,1437.8799,3544.3787,-3876.3354,3091.411,5573.8555,-2710.0457,1585.9904,5505.432,-2876.215,2931.4824,5793.9873,-2598.7156,1729.9485,5745.7583,-2804.1646,3240.0994,6408.2627,-3792.939,1309.1444,6342.297,-3936.2505
image_0076.jpg,2886.4695,1635.9579,-1942.9407,2947.2861,1473.2866,-1768.9071,3013.66,1458.3623,-1768.5612,3081.5117,1442.1936,-1767.8998,2774.064,1517.3293,-1733.7975,2708.9187,1531.699,-1733.1578,2643.7488,1547.3204,-1733.0996,3205.7761,1516.7444,-527.2648,2592.3857,1652.3524,-318.89264,3054.6035,1778.9961,-1466.5533,2812.23,1830.8218,-1396.94,3731.8118,2292.2256,227.51498,2306.5813,2275.7065,339.19693,4428.9478,3181.4893,-1089.9541,1507.3533,2934.789,-1187.6727,3656.1343,3436.7751,-3797.7058,2262.106,3384.2173,-3666.4763,3464.5952,3680.3118,-4322.639,2446.8123,3703.9146,-4081.0757,3236.2676,3487.056,-4196.6406,2706.3264,3536.5757,-4001.031,3282.868,3460.5151,-3726.417,2674.005,3496.7366,-3624.9397,3332.3618,4089.1968,-114.44491,2491.1704,4066.112,115.3747,4217.1816,3516.4167,-3871.0337,1716.3757,3469.1616,-3625.52,3942.8943,5697.755,-3384.8845,2094.5613,5673.2773,-2989.7905,3843.0503,5919.1113,-3356.556,2293.636,5932.1543,-2928.6255,3857.0203,6599.0693,-4921.7153,1925.5852,6521.8228,-4343.3843
image_0077.jpg,1223.6439,2742.0652,-890.45825,1187.4183,2671.6362,-796.2004,1190.5225,2670.8408,-796.4753,1193.7471,2669.0342,-796.63635,1156.3313,2677.2883,-1006.1822,1132.1125,2680.1272,-1006.37885,1108.1221,2683.0317,-1006.06793,1122.3447,2712.372,-299.88727,1008.0716,2727.4426,-1238.4926,1216.8896,2824.0212,-678.3197,1171.477,2829.2134,-953.7674,1107.8931,3026.244,587.9647,979.23456,3191.799,-1747.2358,1411.7566,3404.19,1021.0442,1378.7985,3736.6116,-1976.4761,1854.4596,3460.344,494.35248,1912.4917,3648.1812,-1617.6036,2007.1482,3476.2698,468.354,2057.003,3664.6047,-1807.8077,2023.4437,3435.8904,230.70694,2066.7373,3564.6348,-1733.6201,1962.5924,3454.9739,368.5,2009.2764,3568.0513,-1565.7075,1737.1647,3708.5554,684.0502,1694.0455,3915.282,-680.4294,2424.2773,3423.5476,467.20865,2436.232,3591.6318,-870.0389,3057.3994,3368.435,636.0298,3085.5752,3410.6436,-503.8912,3175.1565,3454.3613,617.27686,3197.7634,3473.398,-490.19867,3257.412,3084.5466,362.47,3264.0535,3122.3037,-895.5095
image_0078.jpg,1304.9626,1389.9432,-359.60077,1282.0668,1304.6959,-297.0099,1282.3844,1304.6423,-296.69208,1283.577,1304.0311,-296.58386,1263.2882,1299.8081,-491.11166,1245.5731,1293.3197,-491.49933,1228.214,1286.8173,-492.01874,1194.9568,1307.3555,109.82342,1119.0713,1290.2694,-724.21204,1262.7242,1448.149,-178.13928,1226.8547,1438.417,-422.43463,1107.8354,1639.6244,678.04095,845.62494,1633.9104,-1112.5066,1236.6583,2126.1606,873.6496,815.56683,2290.8015,-1347.0531,1599.2905,2332.872,350.03076,1419.6715,2463.6912,-914.5407,1713.6426,2413.212,298.35977,1557.6819,2549.0203,-998.5202,1741.3949,2371.1738,143.80139,1621.0598,2463.7222,-946.2422,1681.6346,2356.1814,249.58504,1562.852,2439.4033,-865.17096,1140.5314,2574.5454,562.16113,983.21136,2692.7412,-559.1484,1972.2571,2621.2002,317.47876,1908.7578,2842.5942,-885.7065,2173.3962,3342.7234,589.5475,2018.4474,3664.8828,-519.8835,2096.9182,3481.981,597.22504,1912.0281,3783.9678,-468.4908,2521.0583,3510.838,506.65692,2375.0134,3893.1138,-531.93634
image_008.jpg,3010.546,989.03406,-1655.8579,3082.4868,892.96466,-1518.083,3128.2947,895.9863,-1516.6273,3175.31,899.2199,-1518.6991,2963.1494,889.2101,-1501.1536,2917.2988,887.41925,-1499.5385,2871.5676,886.3828,-1499.7859,3235.1206,982.9464,-695.57733,2820.7969,959.24695,-548.86914,3089.6938,1116.7682,-1338.7848,2919.9893,1106.4346,-1297.1371,3493.5376,1562.6748,-515.4109,2573.2524,1487.9757,-120.21895,3793.3354,2243.5115,-1351.5619,2044.641,1687.643,-1647.2308,3451.224,2556.662,-2916.7146,2039.4784,995.03595,-3442.1143,3385.139,2751.7805,-3215.3467,2006.7885,817.749,-3683.5002,3226.931,2650.871,-3160.8857,2095.628,774.2072,-3571.2656,3229.834,2609.8794,-2883.8772,2163.1023,870.0666,-3436.9302,3303.8838,2800.445,-143.07246,2794.4111,2819.039,149.35031,3380.3777,2741.523,-2739.7112,2595.7815,3603.0405,-290.5399,2160.8105,3246.1365,-2163.282,2540.5825,4375.583,800.13385,2028.8541,3257.7847,-2081.0332,2577.3325,4466.324,863.44855,1684.6399,3393.6296,-3059.1514,2466.1284,4714.531,-42.968765
image_0080.jpg,1826.526,1841.2103,-1769.9834,1928.3518,1706.8394,-1640.5947,1986.1536,1712.7318,-1640.5996,2044.711,1718.0839,-1641.7491,1777.4628,1689.3851,-1637.6807,1722.2394,1680.3457,-1636.5717,1667.0897,1672.4435,-1637.5089,2138.415,1780.1483,-570.3094,1610.2858,1708.9427,-533.25684,1926.6779,1983.9985,-1341.4478,1724.8319,1956.7605,-1332.2119,2438.9253,2496.7615,33.492054,1174.3566,2317.594,-341.52304,2590.5886,3530.0627,-112.1968,873.8143,3328.0195,-555.0857,2372.7935,3812.831,-2022.0399,1353.1068,3727.7656,-1916.3807,2317.3499,3987.6506,-2451.8455,1465.6833,3953.4976,-2223.3118,2255.2046,3836.87,-2557.5276,1585.0887,3775.6262,-2353.0947,2221.3892,3772.9478,-2083.8142,1590.2188,3701.0955,-1938.6447,2012.1517,4001.5654,94.05209,1250.6045,3951.5337,-87.95511,3253.4429,3914.2961,-2605.729,227.64685,3874.7488,-2742.2104,1420.0375,4595.7,-2600.9468,1932.4885,4365.5024,-1502.5072,1265.6503,4492.9824,-2511.052,2101.147,4242.582,-1282.3492,668.2506,4705.228,-3515.563,2624.5654,4442.91,-1778.6179
image_0081.jpg,2994.6616,1116.8439,-1149.7228,2990.3157,1062.8656,-1015.5451,3004.0176,1062.3638,-1015.9818,3018.6086,1061.3503,-1016.12067,2935.088,1063.3806,-1100.2429,2909.0906,1062.4761,-1099.6061,2883.1545,1061.9131,-1099.4785,2978.6348,1084.9207,-282.62024,2788.6978,1088.568,-664.3741,2990.871,1183.4784,-878.0378,2919.5923,1182.509,-988.0478,3100.1716,1437.5658,105.797104,2510.6619,1441.9281,-286.13086,3193.6345,1878.2852,37.30582,2427.1147,1929.9076,-590.0824,3031.928,2145.9697,-1112.0813,2615.5994,2138.2783,-1667.9171,3002.7295,2281.0593,-1455.0725,2645.8599,2237.7861,-1949.5823,2916.7795,2229.3652,-1540.6613,2709.7776,2177.6292,-2068.8691,2904.799,2185.6768,-1169.7115,2715.0027,2147.6016,-1722.6426,2988.1077,2193.1414,156.31802,2625.0132,2218.4004,-152.93594,3263.6528,2318.5278,-1958.671,2509.4126,2294.4255,-2390.0989,3275.672,3125.298,-1917.1344,2407.1357,3105.1892,-2240.2734,3200.548,3265.6128,-1947.5955,2412.826,3235.0264,-2254.0918,3456.2144,3358.3538,-2711.9766,2387.2454,3346.7512,-3033.9792
image_0082.jpg,1552.1016,1900.6215,-2064.6704,1584.398,1767.2108,-1869.5203,1632.4409,1762.582,-1869.4086,1681.5061,1756.698,-1869.7802,1449.9923,1781.6106,-1967.6165,1393.9518,1785.8105,-1966.8624,1338.36,1790.9529,-1966.1119,1712.4624,1820.2106,-644.3417,1241.3013,1866.4304,-1080.6644,1638.6614,2025.8336,-1584.8306,1451.5443,2044.543,-1709.1405,2043.4897,2311.2153,161.06834,932.7824,2513.0967,-899.44116,2430.1497,3012.4556,-76.01088,1111.2949,3370.9573,-1530.4481,2740.341,3458.0312,-2038.6934,2084.527,3430.321,-2508.1746,2914.479,3671.655,-2468.8855,2356.6477,3579.4487,-2849.199,2778.421,3607.889,-2713.0376,2435.937,3393.9836,-2903.1233,2675.356,3565.0833,-2176.7083,2344.1382,3378.6365,-2499.2695,2206.6648,3811.6863,254.52844,1545.4138,4006.4858,-252.62158,3141.3823,3760.7307,-2713.7144,1425.3182,3913.1902,-3850.2742,3369.9683,5228.1025,-1964.7465,2111.092,5033.102,-2512.8098,3232.1375,5463.8677,-1923.0757,2211.5454,5130.8706,-2396.538,3941.7285,5718.5435,-3106.6846,2419.8706,5580.261,-3338.3582
image_0084.jpg,1303.2156,1758.0039,-324.80704,1319.8204,1663.3568,-180.56833,1351.1755,1659.6951,-181.24046,1383.2522,1655.5068,-183.10147,1227.4952,1673.067,-242.8751,1186.6677,1674.0153,-242.77657,1145.5162,1675.727,-244.0764,1371.2401,1692.1385,476.14816,1051.0052,1718.1906,242.58002,1341.5262,1842.0006,-96.78719,1209.9343,1850.8995,-162.80954,1472.6721,2096.3977,850.9497,738.9586,1959.996,403.7756,1911.6628,2445.146,870.3626,322.42963,1981.3666,500.11118,1602.5153,2018.8397,1129.0989,517.4851,1668.4932,1347.977,1516.5872,1956.5569,1112.3196,552.3466,1594.5388,1433.6669,1448.1407,1900.3425,1311.2058,606.5112,1583.8702,1440.0464,1440.5961,1966.4806,1195.6562,602.45917,1655.0729,1356.3704,1105.5734,2983.516,214.27171,638.2778,3025.0876,-212.85364,1884.4585,2567.6687,-888.4442,891.1849,2942.3757,-2229.6116,1546.5094,3679.735,-660.57806,946.59625,3964.0476,-1596.7633,1407.3934,3802.3784,-626.0637,921.73346,4049.2915,-1507.9703,1688.5273,4123.438,-909.1009,1142.4932,4383.0244,-1906.3616
image_0085.jpg,1918.5243,2023.159,-5933.1436,2006.5874,1764.0692,-5738.4126,2093.5996,1742.5635,-5739.209,2180.959,1719.5769,-5739.9385,1779.8217,1810.7991,-5661.1016,1693.3569,1820.1189,-5660.38,1606.2045,1831.5685,-5659.3555,2343.8494,1740.3828,-4061.963,1532.477,1887.9424,-3716.0188,2125.384,2154.6262,-5246.4126,1813.8389,2209.5562,-5139.804,3062.2861,2452.4636,-3041.5554,1147.9791,2592.082,-2575.8884,3537.2485,3907.3196,-4010.254,734.77136,3855.6436,-3155.235,2447.2983,4632.219,-5327.709,1900.6143,4540.0117,-4935.779,2211.4983,5005.813,-5920.572,2196.7957,4957.0493,-5579.3735,1999.6637,4791.9795,-5862.124,2440.6921,4695.0684,-5548.5796,2069.3909,4694.943,-5293.8687,2361.35,4577.0913,-4936.929,2735.7485,4544.1357,-154.85869,1667.1963,4630.0254,159.09268,3824.2642,4458.47,-5895.258,459.37207,4523.129,-5040.564,3870.717,6202.78,-2474.9763,579.7318,6314.574,-2229.556,3709.2317,6440.5605,-2185.3943,776.4945,6562.6997,-1992.3134,4362.9854,7002.192,-4040.4758,159.66042,7145.664,-3669.8237
image_0087.jpg,3173.8308,2025.5842,694.5895,3125.3342,1966.5259,610.474,3106.8113,1970.6213,610.16,3089.403,1974.5165,609.05896,3166.0637,1954.0936,525.76855,3173.2449,1949.164,525.57587,3180.7795,1944.2808,525.1384,3002.9644,2008.8191,378.2348,3135.3755,1969.2538,38.5359,3118.0208,2093.4897,649.03186,3156.276,2076.399,548.4943,2813.9155,2402.7947,202.04832,3204.2942,2306.0466,-7.1105886,2996.5305,2907.2974,108.52826,3462.905,2840.6726,55.458874,3252.6855,3044.912,-53.19298,3424.057,2964.0422,412.40427,3298.7456,3076.938,-70.42891,3420.4146,2981.2769,466.93478,3305.7776,3045.149,-74.011765,3373.615,2981.6912,454.98093,3304.0142,3028.5557,-54.921833,3365.297,2977.3374,422.62347,3094.123,3358.4497,158.19484,3296.4756,3343.142,-155.25215,3485.781,3354.2556,571.3988,3611.7146,3084.9854,-204.7639,3546.243,3442.2678,-41.149773,3732.0618,3405.0007,-4.306316,3513.2544,3395.9695,-82.8481,3713.4404,3437.256,47.630215,3578.5227,3519.9373,19.599699,3843.0332,3421.5159,259.42676
image_0088.jpg,1353.7383,2092.0889,-893.5795,1434.9203,2007.8052,-886.8451,1472.5525,2007.6007,-886.5428,1510.9152,2006.9698,-886.18365,1366.0194,2011.5627,-724.0983,1348.0197,2012.3123,-724.33453,1330.1599,2013.9192,-726.2045,1661.4462,2062.7065,-691.8142,1411.5023,2071.9973,23.282183,1469.2288,2200.1245,-813.77234,1368.7598,2202.7583,-607.08276,2075.7805,2600.4626,-780.599,1268.957,2580.3894,-66.00299,2093.6975,3263.9094,-1243.0498,1176.6836,3208.6917,-816.2942,1639.1523,2842.0571,-1477.5825,1645.0636,3404.5374,-1827.5265,1509.7882,2764.9102,-1493.032,1759.3234,3563.2651,-1954.1332,1527.3323,2664.9512,-1397.6447,1879.2833,3440.6409,-1879.7026,1549.766,2710.2898,-1408.1927,1854.2748,3406.022,-1784.4471,2007.4159,3641.3398,-134.25691,1505.918,3657.0034,135.68088,2378.7236,3366.8218,-2615.3694,929.52124,3487.9602,-1673.4219,1302.4255,3985.038,-1729.3717,2093.8206,4109.0425,-1642.4069,1178.251,4005.3167,-1554.0566,2227.9426,4102.6147,-1584.6929,826.2429,4060.4392,-2034.9032,2523.2332,4238.3105,-2215.2185
image_0089.jpg,2744.9263,751.54004,-1388.2783,2783.8494,635.353,-1329.3348,2816.7344,636.0644,-1328.7792,2850.045,636.029,-1329.4208,2687.4624,622.5209,-1401.6962,2646.1377,611.00244,-1401.018,2605.0156,600.35095,-1400.9386,2848.5298,610.1007,-510.0331,2501.695,561.9639,-834.73126,2768.7864,807.3337,-1033.3745,2645.893,787.1294,-1126.8849,3035.9878,814.2901,-94.47234,2160.797,800.6768,-583.8488,3218.1985,1405.1725,-499.7516,2202.8813,1416.822,-1094.4371,2931.9941,1716.5752,-1596.8807,2648.723,1703.7844,-1959.9008,2869.8987,1906.4667,-1867.1531,2716.477,1881.8533,-2242.958,2762.134,1817.1439,-1899.3726,2820.5554,1802.361,-2310.6611,2758.7742,1773.2483,-1609.2865,2807.8362,1760.1411,-1973.4921,2927.4683,1992.1497,188.47969,2430.4287,2031.6208,-184.96548,3421.3147,1794.874,-2100.2898,2384.5798,1770.4475,-2865.5208,3252.0354,2824.7937,-1571.9349,2530.9202,2801.607,-2153.2466,3141.186,2915.8542,-1517.2329,2547.7275,2904.5989,-2094.1252,3344.2004,3329.0388,-2404.804,2701.2883,3259.2578,-2924.9192
image_0091.jpg,1450.004,2798.0188,-118.925964,1454.222,2752.0425,-85.33654,1461.6016,2752.7065,-85.079254,1469.393,2753.1328,-85.17207,1429.6857,2748.5842,-138.18231,1417.1681,2745.371,-138.50455,1404.8759,2742.5186,-138.95892,1453.6914,2764.2615,152.39072,1364.1652,2749.746,-79.063255,1449.5873,2840.225,-26.215033,1414.45,2833.8962,-90.863625,1510.6117,2956.728,357.62598,1221.3667,2973.7239,-189.07939,1632.9431,3245.0356,402.75174,1376.2418,3321.123,-115.49141,1725.1521,3156.7014,112.525734,1540.2438,3183.604,79.22568,1750.1473,3140.4612,77.67978,1602.9646,3168.5615,89.891014,1757.8562,3103.6409,43.912144,1573.2308,3106.3286,63.54071,1734.3461,3117.9104,95.51268,1554.9191,3112.5715,87.835945,1403.9244,3511.3354,161.31511,1222.048,3539.324,-159.11821,1596.2192,3182.07,-221.52524,1277.3146,3142.97,-835.51105,1325.3114,3527.19,-662.73486,1466.8528,3609.004,-1022.01105,1267.6001,3559.6665,-695.487,1465.5431,3675.5618,-1031.5522,1280.4038,3653.7097,-968.1697,1641.3107,3723.9485,-1339.8785
image_0092.jpg,1877.1072,2270.5876,-2827.2556,1984.7014,2070.5928,-2922.7676,2047.38,2049.6936,-2923.0964,2110.3892,2027.8877,-2923.603,1858.6879,2109.4097,-2648.6624,1818.5183,2116.1362,-2648.3018,1778.4159,2124.3406,-2650.0266,2348.8894,1994.7676,-2713.241,1911.7076,2112.3157,-1521.7732,2093.9792,2349.6064,-2722.2727,1919.0454,2393.3894,-2374.8147,3062.3193,2574.9563,-2776.0186,1973.3812,2618.139,-1049.611,2926.661,3878.9717,-2563.3586,1790.7865,3492.453,-1513.2797,2000.323,3974.4155,-2566.0945,1607.237,3921.9417,-3240.4246,1771.703,4085.626,-2827.4336,1548.5428,4116.8687,-3505.8792,1745.5903,3888.5679,-2840.0352,1597.3639,4018.2563,-3636.4207,1839.9493,3852.307,-2549.2861,1695.8579,3953.4204,-3340.246,3148.236,3980.357,-542.7229,2494.5627,3911.5427,546.30457,2759.6792,3935.478,-3016.9155,1150.5956,3779.6077,301.08606,2586.4133,4377.3584,-1192.7532,2139.5479,4476.678,-110.00126,2690.5398,4438.5854,-942.21204,2419.995,4558.695,-128.72177,2082.7244,4535.018,-1268.4692,1924.3494,4746.997,-461.15762
image_0094.jpg,1881.8066,1420.2524,-1963.5942,1931.0552,1288.4015,-1736.5531,1992.8783,1280.5106,-1735.7906,2055.764,1271.6278,-1734.8667,1764.6299,1319.6632,-1754.6062,1698.5829,1332.272,-1754.8734,1632.1548,1346.1304,-1757.1718,2142.171,1395.6157,-598.72076,1548.8329,1494.7327,-631.75757,2022.6211,1596.0598,-1548.7211,1783.2775,1632.319,-1553.1132,2620.9697,2218.9185,-125.074265,1246.6779,2294.229,-211.85034,2931.9036,3304.6729,-131.34933,928.785,3297.1526,-311.23047,2446.5942,3985.553,-1619.3862,1455.8965,3949.06,-1626.6809,2380.91,4356.9473,-2111.5217,1545.4604,4321.7583,-1989.1334,2134.8682,4208.4434,-2268.6785,1792.6349,4147.426,-2155.5872,2132.7368,4094.1404,-1680.8987,1802.1392,4030.7341,-1669.6683,2398.7979,3981.8167,37.12111,1552.7894,3990.2375,-29.146685,3600.3245,4100.3667,-2921.0112,547.7412,4005.605,-3048.683,2577.108,5469.825,-1621.4445,1037.535,5579.6206,-1414.8428,2292.842,5566.863,-1476.5511,1255.6193,5796.782,-1269.7963,2685.3506,6132.5786,-2283.3293,706.3339,6238.338,-2261.0647
image_0096.jpg,3766.8403,1274.7772,-1037.997,3824.493,1216.9266,-949.3886,3859.6008,1222.7654,-950.2912,3895.438,1228.0176,-951.2922,3730.309,1209.4387,-930.88586,3695.0593,1207.1821,-930.51416,3659.6113,1205.7087,-931.2264,3936.092,1307.675,-292.62122,3609.3125,1269.2019,-197.2323,3815.5642,1393.7158,-790.0759,3689.4866,1380.0939,-758.11914,4093.6504,1801.245,44.56166,3306.6917,1685.4706,217.07845,4337.598,2362.751,-477.92615,3071.8806,2203.0427,-4.088055,4042.0032,2343.809,-2034.276,3014.6287,2303.617,-1411.4843,3955.6526,2408.5884,-2418.579,2980.9065,2380.0679,-1721.3262,3875.4097,2281.7422,-2409.7285,3061.042,2296.206,-1863.932,3887.6946,2281.0474,-2050.2708,3111.1196,2284.0728,-1496.8799,3680.4146,2685.092,-31.857203,3206.8967,2619.562,34.68965,4265.486,2450.3635,-2213.0054,2610.668,2305.7253,-2163.7847,3854.3215,3408.935,-2151.0044,2901.2046,3379.3252,-1929.9916,3715.3752,3545.0278,-2158.519,3045.492,3522.858,-1919.0546,3938.427,3786.646,-3071.8364,2757.9185,3775.0186,-2727.618
image_0098.jpg,2706.948,2519.0918,-216.63287,2729.769,2438.435,-336.5044,2743.0593,2430.2344,-337.10934,2756.6455,2421.6543,-337.79666,2722.7654,2438.2407,-147.30264,2729.3208,2431.736,-148.36229,2735.6448,2425.4146,-148.82533,2872.9314,2392.333,-706.8895,2838.76,2395.4116,156.61336,2793.8572,2556.0947,-341.5728,2782.2017,2560.066,-90.64541,3181.3328,2724.8477,-1174.2401,2942.299,2649.7122,717.3687,3145.8667,3392.4014,-1141.2932,2920.2458,3206.2507,995.56525,2603.148,3549.8252,-660.95154,2572.9438,3533.2886,573.8629,2497.2983,3644.8982,-737.78094,2486.6821,3651.242,546.1267,2453.043,3554.184,-724.5231,2465.4023,3613.93,404.20056,2498.8933,3504.006,-637.9686,2505.2866,3578.817,492.75046,3133.9058,3606.752,-602.85754,2961.5396,3507.2834,603.48096,2253.1367,3832.1863,-673.52954,2263.9348,3732.662,321.84863,1732.6189,4534.525,-125.032486,1816.0599,4466.4697,592.56696,1766.7245,4662.727,-33.102337,1836.1418,4625.232,592.0388,1336.1158,4678.863,-76.55786,1489.9115,4604.954,348.32382
