image_001.jpg,1817.0895,2193.929,-2153.0881,1888.7555,2102.9766,-1954.1666,1931.726,2112.901,-1953.436,1975.3582,2122.6252,-1952.8436,1767.917,2079.5173,-1998.8436,1719.696,2070.2551,-2000.7373,1671.2637,2061.9194,-2003.2151,2004.786,2193.2861,-963.6206,1585.5054,2113.328,-1113.2122,1867.8782,2334.8745,-1798.6116,1703.3185,2302.8264,-1846.898,2249.7441,2776.5073,-656.55804,1141.3843,2800.0417,-1055.5853,2915.201,3041.355,-2256.9348,923.2788,3775.4695,-1642.1405,2477.5137,2302.537,-3869.1096,716.5464,4655.849,-1782.2,2317.961,2109.1914,-4196.3877,601.5159,4881.666,-1695.529,2307.4465,2075.1965,-3988.8,670.424,4952.8047,-2000.2653,2306.0664,2188.9138,-3820.938,786.0006,4891.733,-1882.9591,2031.8152,4573.28,22.999834,1363.3649,4548.885,-12.170249,2040.4535,5714.2812,-30.710314,1326.6227,5659.8496,78.46775,2010.1183,6658.7734,1671.4723,1326.2667,6639.131,1808.0945,2004.3976,6778.303,1780.157,1301.5469,6779.0425,1879.6809,1952.1028,7002.6577,902.6993,1424.462,6976.687,802.83136
image_0010.jpg,2699.2268,1422.1987,-739.1063,2726.1436,1357.9285,-731.63513,2746.5552,1350.3567,-731.7308,2767.672,1342.3983,-731.6092,2678.8872,1375.9038,-570.27765,2664.0752,1380.6969,-569.7258,2649.0542,1385.7007,-570.25073,2829.2366,1352.5641,-453.48947,2677.7756,1403.3961,311.78717,2763.9631,1460.0881,-622.8849,2699.6858,1480.9227,-400.5749,3023.5312,1631.549,-587.3423,2690.2603,1692.4067,1095.3434,3122.6064,2086.8047,-850.10864,2454.4128,2050.865,390.02716,3024.5137,2384.3818,-1160.818,2548.4646,1729.3218,-1327.666,3031.2144,2476.6743,-1324.2128,2572.9531,1649.8425,-1615.6555,2973.619,2440.689,-1385.0211,2601.9902,1592.285,-1618.9364,2975.78,2411.5579,-1166.4438,2610.7087,1631.6545,-1377.0221,2961.9336,2517.3884,-663.6358,2769.16,2524.278,662.61896,2917.196,3176.5488,-897.7324,2745.6416,3136.332,556.96716,3043.3127,3711.3174,-508.5138,2800.929,3761.5364,996.4943,3122.2673,3802.6738,-502.52646,2884.754,3891.1724,994.78827,2875.7292,3866.3862,-1187.0906,2519.6013,3902.1975,399.494
image_00100.jpg,2510.4456,1652.936,37.258976,2533.1287,1606.2278,-50.46956,2541.8176,1601.7689,-50.253437,2551.144,1596.8813,-50.512447,2526.9646,1612.1118,122.734215,2530.7173,1611.6973,122.8134,2534.408,1611.74,122.68064,2625.2612,1593.3933,-257.68015,2604.3943,1606.1531,546.4759,2562.881,1684.7638,-30.181036,2554.074,1691.3105,201.33261,2839.887,1770.917,-641.1266,2685.4873,1875.144,948.83136,2799.3684,2094.0154,-1026.1141,2763.3953,2216.9468,1143.2695,2536.7615,2301.4211,-1037.2181,2722.93,2419.4993,601.43744,2487.9397,2373.929,-1167.4199,2719.4526,2482.9634,583.6518,2467.357,2326.1223,-1162.0023,2683.646,2464.8005,432.29294,2498.058,2302.2175,-1027.2494,2688.5903,2439.6223,515.5263,2955.543,2462.0461,-444.30667,2800.0024,2480.4553,445.18222,2996.478,2992.3013,-573.9276,2652.7825,2959.1501,87.36425,3080.5452,3552.8013,-618.94525,2773.424,3493.1226,120.357254,3137.1794,3636.9985,-656.40924,2851.99,3576.3499,95.893234,2937.4414,3697.7097,-1148.1064,2581.9946,3633.478,-266.81348
image_0011.jpg,1660.1125,462.61942,-686.9693,1645.6543,437.0725,-807.0788,1632.6843,437.93854,-806.92175,1620.1884,438.7193,-806.6029,1681.8925,435.84232,-787.53064,1694.8866,434.93744,-787.56256,1707.863,434.28857,-786.68713,1604.3579,456.76917,-1036.9679,1724.8103,450.84457,-936.3889,1638.9773,490.11005,-734.6227,1676.4624,485.7912,-708.73553,1495.898,610.34686,-956.21686,1820.9894,596.57153,-818.22595,1413.2224,848.99286,-953.78143,1897.2408,832.6495,-905.6734,1481.6125,977.753,-1101.5469,1827.204,982.92975,-1057.7555,1492.0978,1010.1199,-1196.2516,1811.9697,1023.0941,-1105.1066,1516.4463,994.45807,-1226.7229,1786.2241,1016.1296,-1149.0336,1525.179,980.6375,-1123.3788,1780.9263,999.07776,-1075.9928,1555.4084,1013.76965,-38.600246,1737.4246,998.499,40.40749,1572.2728,1309.0037,-50.96284,1709.8649,1333.8898,224.76646,1565.6715,1660.9846,-240.80449,1689.9896,1683.0468,263.5463,1574.1356,1713.1094,-278.3098,1679.4637,1740.0253,257.5993,1540.4137,1738.4473,-414.53748,1690.2533,1763.627,155.8507
image_0012.jpg,2064.154,666.3845,47.692112,2039.129,593.9534,61.671047,2027.3047,587.4545,62.06725,2015.9434,580.8885,61.54529,2054.243,605.6759,-98.63472,2050.3433,605.861,-98.28115,2046.649,606.14655,-97.88272,1943.5511,582.2994,183.91835,1988.3408,615.69196,-507.4889,2021.6224,704.3861,128.15813,2029.9279,714.91547,-74.46265,1712.2135,882.54376,562.85376,1936.7959,908.49915,-910.25476,1835.9366,1394.1172,816.9841,1993.4073,1422.8385,-979.6654,2076.7842,1699.9719,587.6495,2152.5613,1761.0405,-700.60223,2130.1174,1772.5437,563.3948,2175.3384,1854.6881,-812.08844,2147.1162,1752.8157,447.8506,2217.6655,1829.4846,-769.8681,2130.0713,1730.0018,528.72925,2199.502,1803.8563,-668.0447,1726.4429,1788.2375,491.6863,1880.7651,1798.9409,-488.51562,1632.423,2352.046,919.8811,2107.2278,2313.2024,34.221367,1409.1101,2864.2998,1378.501,2101.4001,2847.3896,795.5791,1313.963,2959.6187,1414.4067,2020.3103,2940.5005,860.32654,1589.1327,2930.1443,1256.9717,2337.1882,2953.629,712.2895
image_0013.jpg,1657.9963,1162.3895,-700.1006,1667.7053,1117.3302,-668.2218,1679.2903,1115.4678,-668.6396,1691.1747,1113.6067,-669.0809,1635.8689,1123.238,-669.4787,1622.7267,1124.7021,-669.75696,1609.5835,1126.6284,-670.61365,1706.5394,1136.8722,-414.32266,1592.468,1153.9624,-416.68176,1685.5327,1204.4883,-597.70776,1638.812,1211.0177,-597.0242,1802.5125,1335.7495,-260.63016,1540.5441,1398.4336,-413.35306,1860.1409,1297.2812,-506.74057,1524.9779,1557.8843,-795.1044,1878.9432,966.51587,-765.9594,1745.0155,1312.7032,-1081.8422,1878.3658,863.70795,-862.4329,1823.8618,1251.8138,-1185.0797,1897.9553,834.63727,-863.65515,1804.9926,1214.6102,-1164.8046,1889.9572,872.7844,-791.1573,1786.6361,1236.7305,-1080.4915,1888.0369,2052.0518,-4.8859744,1693.8326,2074.6904,7.0471773,1935.8783,2607.216,-134.66614,1753.9186,2603.36,-130.98918,1960.6853,3126.4558,271.97333,1751.8759,3140.8706,304.9943,1961.4493,3186.7505,291.6945,1750.8303,3208.3076,322.40485,1939.4628,3306.7659,-89.66106,1758.2428,3320.9297,-57.26782
image_0014.jpg,1934.5537,1124.1846,-6.2070913,1985.216,1075.0205,121.85531,2012.7921,1076.9282,121.86989,2041.0875,1078.2533,121.23182,1903.8236,1075.5131,123.35138,1877.471,1076.3306,123.31762,1850.9196,1077.4454,122.596245,2094.0566,1134.1494,867.26886,1827.8328,1128.6107,866.6513,1993.682,1210.5211,271.7725,1892.1451,1209.0116,268.17422,2287.0713,1532.9401,1117.2279,1643.7786,1546.3527,1110.3489,2383.6282,1905.2214,467.26956,1523.369,1969.6515,466.44476,2066.3594,2013.4532,-867.11316,1774.2238,2073.879,-822.03735,2002.1322,2123.8862,-1201.2228,1842.5964,2166.4087,-1147.5247,1924.8967,2062.897,-1235.8341,1903.066,2086.7075,-1227.5066,1947.1149,2029.055,-915.9907,1881.7853,2063.502,-874.72076,2184.76,2454.1453,24.70243,1755.537,2468.3071,-22.465096,2265.5566,3309.307,-398.58038,1610.6808,3312.7595,-425.13028,2353.9814,4180.3394,-52.99454,1477.0675,4161.1133,8.206587,2311.4856,4321.193,-81.947784,1488.2675,4292.9263,-16.06133,2493.2188,4375.607,-1005.1948,1422.4868,4370.295,-909.02637
image_0015.jpg,1330.549,1527.956,20.182665,1318.1078,1483.107,97.47176,1319.3716,1479.8877,97.4143,1321.2722,1476.3956,97.033875,1295.7179,1486.078,-24.739975,1280.7819,1483.9371,-24.854738,1265.7488,1481.9553,-25.328407,1264.6106,1473.8827,453.42206,1192.0961,1483.1882,-97.16787,1304.3595,1563.2216,159.1829,1278.0936,1564.91,-2.378875,1268.5973,1718.6013,724.5106,968.6608,1723.8792,-228.9842,1305.517,2049.075,896.244,912.1286,2093.896,-322.92227,1347.3821,2303.88,314.8608,993.95856,2392.9976,-362.52942,1360.7969,2381.2256,198.0315,997.1831,2484.5237,-437.2403,1382.5387,2376.4983,61.68857,1038.4899,2470.3923,-490.18832,1366.045,2345.1216,228.10316,1042.9365,2427.449,-370.56766,1272.6694,2361.6333,240.3669,1068.5156,2369.339,-238.72668,1283.1309,2921.2751,230.2721,998.24854,2902.3894,-390.8434,1291.7766,3428.0432,448.36243,938.8471,3403.025,-101.808754,1260.191,3513.3877,435.57462,926.1934,3479.0083,-107.81387,1426.9225,3555.1426,5.9952283,959.42645,3564.5764,-576.64813
image_0016.jpg,1743.2318,2306.2124,-1909.3577,1836.0156,2228.1306,-1877.4269,1873.7681,2231.2354,-1877.5336,1912.7551,2233.4526,-1877.4055,1758.8374,2222.0532,-1730.1877,1735.1244,2218.6873,-1729.3235,1711.0593,2216.1394,-1728.5468,2039.2323,2295.6746,-1477.4116,1766.5496,2263.232,-737.7341,1842.4645,2414.695,-1751.6062,1730.1848,2403.962,-1541.3556,2406.0708,2875.7603,-1220.5901,1557.1716,2862.559,-258.4785,2593.285,3624.5112,-1151.1395,1491.6583,3576.3308,46.184174,2529.4453,4257.609,-1823.7273,1359.8203,4247.427,-920.2484,2525.3535,4469.005,-2013.5186,1314.4459,4453.3286,-1094.1519,2455.2356,4437.686,-2238.4358,1325.2585,4472.7417,-1477.9531,2425.031,4348.6074,-1894.7357,1411.6216,4403.376,-1102.1995,2236.2534,4226.8076,-328.88965,1735.2898,4250.194,335.48218,2390.182,5172.9014,-739.0609,1818.4197,5263.697,553.9109,2574.026,6077.723,-78.906265,1948.1077,6104.0347,1730.542,2617.5134,6172.333,-55.611385,2021.4836,6203.6953,1798.1564,2516.7844,6515.1606,-878.98975,1838.1804,6510.4937,1049.5618
image_0017.jpg,2409.1448,2098.7998,-2752.7205,2432.1487,2013.6184,-2613.069,2462.12,2015.2833,-2612.617,2493.2324,2016.3389,-2612.768,2339.0686,2006.7094,-2668.9282,2299.0679,2001.9213,-2668.0862,2258.812,1997.7781,-2667.699,2481.8423,2057.2043,-1657.5096,2163.452,2034.6692,-1878.1625,2440.616,2192.705,-2380.1167,2314.0227,2181.24,-2447.6133,2677.081,2644.4934,-1004.29083,1810.7485,2546.3586,-1301.0802,2782.8623,3365.5396,-655.4388,1700.2909,3272.8872,-1095.772,2847.9387,3980.1814,-1801.1858,1549.6125,3909.0532,-1967.5764,2869.1152,4175.763,-2051.1821,1483.6946,4097.17,-2141.9507,2831.3372,4165.245,-2352.378,1511.777,4124.09,-2526.2878,2783.959,4092.1316,-1938.6155,1598.0094,4063.0981,-2124.899,2468.8376,3969.4165,110.46861,1964.5243,3942.4978,-104.74588,2380.709,4961.7686,188.0413,1937.3744,4978.1807,-103.213905,2284.4792,5745.7554,1664.1135,1863.0819,5804.2183,1395.273,2221.185,5826.7983,1757.2217,1852.6488,5887.735,1476.7672,2354.4944,6147.634,806.72864,1918.1101,6237.103,378.62186
image_0018.jpg,2113.299,2871.3364,746.65375,2088.7327,2826.0815,549.1068,2066.157,2828.764,549.778,2044.9136,2830.6335,550.2987,2150.867,2822.7263,569.30865,2173.373,2821.7954,570.8972,2195.8167,2821.0168,571.87933,2020.5204,2887.6245,-181.65683,2231.0854,2868.8247,-63.60058,2086.6328,2929.7292,519.81464,2144.2703,2923.0884,552.2525,1797.3999,3242.524,-607.7123,2470.393,3213.0786,-237.88208,1761.0919,3750.294,-607.26184,2626.829,3691.33,-439.63632,1721.8757,4215.6855,-537.1338,2700.1497,4102.645,-541.6431,1663.7793,4318.556,-580.3222,2753.6191,4208.034,-625.7992,1721.8658,4342.2236,-622.4505,2711.7368,4227.607,-650.4383,1767.6483,4304.2754,-540.46124,2670.4753,4193.5674,-545.9965,1960.0211,4145.881,-23.718191,2350.4658,4147.3555,28.826696,2042.3872,4809.466,646.618,2386.9136,4780.6987,1016.983,2090.8164,5509.6733,1065.1924,2426.0862,5435.9243,1405.3805,2112.8562,5627.9917,1087.4413,2423.0007,5561.029,1420.7894,2023.4534,5513.362,942.59937,2414.8657,5443.4644,1358.199
image_0019.jpg,2034.7655,1958.378,-2779.6587,2078.6333,1914.3351,-2660.5527,2102.6868,1917.2627,-2660.6597,2127.6545,1919.7278,-2660.3076,2006.7837,1909.7908,-2662.4502,1982.1154,1907.9674,-2661.5627,1957.4575,1906.6483,-2661.5974,2158.8335,1970.0807,-1778.0332,1920.3279,1950.1875,-1752.8324,2074.6543,2034.9749,-2436.5742,1982.1272,2026.2004,-2430.0996,2289.2053,2387.966,-1093.1488,1708.0869,2320.9775,-920.6071,2368.967,2859.0774,-755.8107,1569.6031,2726.803,-523.75366,2416.4465,3314.0122,-1518.7317,1586.5474,3144.6448,-1382.836,2454.2847,3449.1863,-1753.6533,1571.0027,3278.8665,-1660.4216,2413.2717,3460.2031,-2026.294,1630.1107,3274.7795,-1917.3898,2374.5293,3412.3464,-1635.6301,1655.5717,3218.6387,-1508.814,2129.9714,3249.7004,-90.569885,1806.2104,3247.6448,92.37956,2106.6084,3902.15,-627.92163,1812.0562,3975.8389,281.45108,2059.3538,4640.0996,272.92752,1851.0519,4649.4014,1529.6008,2038.8339,4726.269,293.35373,1896.3497,4745.503,1580.4973,2046.6807,4888.1123,-847.15985,1745.6902,4873.044,563.2497
image_002.jpg,2151.226,3749.009,88.33835,2138.2104,3719.9822,7.4403563,2127.2522,3720.596,8.074554,2116.546,3721.4133,8.02697,2166.6472,3718.2092,-39.14166,2175.7715,3716.5923,-38.874775,2184.4512,3715.279,-39.039387,2089.3367,3747.348,-211.72888,2174.156,3733.2246,-420.14578,2128.2373,3782.191,25.561949,2150.6714,3776.9226,-32.015068,1929.8694,3912.579,-293.43582,2207.107,3867.8452,-633.6819,1812.289,4080.5225,-455.91415,2259.799,3865.1365,-646.5499,1883.1288,4186.3555,-574.66534,2184.021,3741.3123,-246.74544,1894.7793,4231.0386,-574.5607,2164.841,3694.7048,-244.05318,1911.4597,4199.1206,-613.4171,2148.836,3696.978,-233.20557,1914.9944,4183.449,-595.9086,2149.3567,3714.3213,-231.49298,1914.7416,4298.1,155.50464,2049.7966,4305.517,-154.22191,1944.0825,4547.9375,519.62115,2046.2222,4492.218,335.03424,1957.1135,4866.6436,803.0646,2026.58,4831.412,604.1984,1951.8568,4915.884,820.00037,2009.7307,4887.8643,626.25653,2005.3536,4913.707,885.3227,2082.1582,4882.815,724.0629
image_0020.jpg,2365.3618,2295.391,1183.4963,2327.2244,2211.8792,889.7029,2296.9744,2210.356,891.0453,2268.0393,2208.6667,890.84283,2410.6694,2219.5364,872.0259,2436.6365,2220.9368,872.8158,2462.329,2223.4275,873.4601,2200.5366,2258.633,38.3928,2461.5461,2274.9758,-41.489983,2302.7825,2372.7878,953.521,2378.1465,2376.0264,930.3291,1737.181,2707.632,-377.48715,2673.2634,2791.09,-271.76566,1456.8032,3360.6448,610.2798,2922.9866,3519.7966,550.5855,1759.5275,3729.7363,2500.057,2684.6301,3846.341,2488.654,1806.063,3835.199,2772.648,2632.372,3947.0994,2831.7048,1867.8787,3808.989,2799.4023,2578.5046,3913.7546,2817.1465,1877.0518,3771.7568,2566.41,2580.7876,3867.7903,2550.5151,1842.448,4099.293,127.46698,2343.7769,4134.491,-123.13277,1815.0247,4987.5044,1531.2867,2339.733,5102.8755,1117.1633,1758.1133,5926.9204,2416.8315,2277.5974,6092.592,1655.938,1760.4124,6114.558,2501.891,2209.0156,6281.0054,1717.4052,1710.0417,5947.258,2791.2598,2380.4902,6182.9106,1999.9966
image_0021.jpg,4265.671,1702.2253,-1415.8774,4352.8936,1594.1154,-1417.9115,4396.8228,1590.1831,-1416.5544,4442.1978,1585.8708,-1415.974,4263.497,1599.9822,-1253.8505,4235.57,1598.5414,-1253.7616,4207.1855,1598.2153,-1255.7814,4588.0093,1606.4667,-1110.9043,4277.6475,1614.9567,-333.9097,4391.5596,1785.879,-1275.541,4267.919,1790.9165,-1048.1451,5025.02,2113.726,-702.4407,4126.7075,2019.4886,-90.05856,5311.86,2767.1133,-724.2126,3624.871,1940.7872,-611.87317,5081.1855,3309.6924,-1010.7697,4124.3877,1460.9176,-665.63416,5054.9517,3500.4294,-1151.5491,4282.775,1330.0635,-860.95984,4933.4673,3458.0918,-1157.7781,4304.7603,1325.2561,-628.5047,4919.7114,3381.7146,-1004.48364,4294.684,1398.3678,-615.02026,4800.2534,3441.9915,-191.77205,4270.346,3429.2578,198.41974,4810.519,4351.082,-215.23384,4187.9946,4310.7944,125.54078,4801.652,4983.1343,1216.1802,4164.0225,4972.984,1525.3074,4813.021,5072.984,1331.7651,4202.6147,5066.5405,1616.9369,4742.428,5289.0376,645.1944,4071.1677,5285.414,907.07605
image_0022.jpg,4271.7495,1617.6069,-2346.15,4345.261,1523.695,-2293.4915,4388.9062,1519.4602,-2292.762,4433.288,1514.5918,-2293.1135,4248.2944,1536.3618,-2167.675,4215.4644,1539.6312,-2167.04,4182.2817,1543.9376,-2166.635,4560.3486,1557.5338,-1767.7178,4217.169,1592.3877,-1137.6515,4394.937,1702.6536,-2139.5098,4253.6,1717.764,-1956.3087,4956.226,2090.285,-1318.7039,4066.7175,2131.3445,-722.6636,5240.094,2679.824,-1256.8036,3959.0962,2822.0847,-297.40366,5106.6855,3216.942,-1993.5503,3971.301,3490.9102,-1123.2632,5084.4956,3398.7039,-2214.7437,3960.5613,3700.0586,-1321.4136,4994.0625,3350.344,-2365.4639,4023.649,3705.7927,-1599.0955,4981.7324,3281.0015,-2040.9888,4092.4895,3621.3245,-1248.6846,4807.429,3433.9685,-177.93672,4298.1216,3451.5059,184.51729,4877.503,4302.454,-414.86108,4379.6196,4334.1104,341.92197,4981.8145,4971.5386,985.0532,4426.8345,4947.01,2246.0818,5004.414,5062.6655,1085.9747,4461.547,5029.2397,2384.4744,4979.246,5287.409,324.8114,4399.889,5270.1753,1726.4255
image_0023.jpg,1195.3986,592.11743,-347.83777,1221.2662,547.5106,-281.34415,1241.6522,545.48236,-281.52838,1262.6364,543.0945,-282.0671,1162.0504,555.3819,-270.6325,1142.0167,558.1707,-270.28183,1122.0554,561.3534,-270.7239,1301.5514,576.23505,105.00571,1104.7848,597.7811,173.234,1244.3148,647.7267,-199.43376,1166.9048,657.102,-180.72034,1456.771,872.3733,155.50069,1005.3693,890.17194,332.64767,1409.5348,1191.6069,-129.41245,949.26685,1212.5663,81.617004,1062.9803,1190.0117,-340.48456,1287.9719,1164.7181,-343.80396,976.6389,1216.5765,-437.73798,1377.6284,1185.7748,-444.732,977.14716,1176.0475,-382.69354,1387.751,1131.9514,-429.25867,1009.1284,1170.068,-319.4659,1359.6683,1130.8491,-339.70886,1358.2272,1627.023,-50.24258,1080.4663,1622.0311,50.345695,1375.5286,2192.9724,-120.46784,1048.15,2184.1985,16.909063,1385.6997,2734.6824,314.4051,1044.7987,2709.3608,498.54947,1370.5306,2800.7346,331.42108,1068.2328,2773.9734,520.3537,1418.3909,2915.0713,-157.96733,979.24493,2897.088,49.195896
image_0024.jpg,2186.0852,1839.4001,591.0347,2167.5105,1797.0021,447.63568,2152.5256,1794.9886,448.0979,2138.5623,1792.5278,448.3324,2213.0244,1802.0701,473.05255,2229.9548,1802.8645,474.02628,2246.9407,1803.8868,474.71194,2133.9873,1811.9839,-87.79508,2283.961,1824.0068,53.982616,2175.308,1869.0327,423.35333,2218.202,1872.8705,462.88876,2028.0021,2011.3217,-362.07022,2457.2021,2054.7205,-150.73955,1943.5922,2313.5425,-436.33957,2525.8157,2395.4736,-301.88696,1863.9724,2591.1992,-604.0265,2534.5713,2692.9175,-425.58298,1820.4524,2668.6934,-670.4004,2553.6768,2779.207,-498.39395,1842.3539,2667.9897,-696.4787,2532.5159,2781.5908,-543.239,1875.3577,2642.6436,-603.0936,2513.5588,2752.205,-440.8894,2054.3557,2674.643,9.855616,2306.1794,2706.3376,-6.688672,1962.092,3161.889,292.05118,2262.1807,3177.1416,414.9437,1848.465,3646.5974,400.09677,2224.3887,3657.556,691.24976,1848.567,3722.2083,394.98715,2199.3938,3731.861,695.5125,1777.7562,3696.6719,279.06238,2272.0527,3733.9915,578.2887
image_0025.jpg,1847.6829,1111.4841,-1659.6018,1859.5146,1066.6023,-1577.2048,1876.427,1063.4105,-1577.3346,1893.8889,1059.7754,-1577.2358,1809.0958,1075.7356,-1595.8276,1789.6263,1078.3641,-1595.536,1770.1836,1081.3389,-1595.4008,1911.064,1080.6147,-1038.061,1741.2764,1108.573,-1074.1488,1884.073,1152.8843,-1449.8972,1817.2727,1163.5066,-1461.4822,2060.434,1355.0201,-638.95764,1629.2925,1389.3372,-662.7025,2144.0933,1681.2704,-552.61774,1606.4877,1743.9312,-446.61325,2105.633,1909.2891,-1301.572,1593.3728,2031.4071,-866.47955,2102.1333,1994.5542,-1494.7645,1576.8728,2127.1353,-970.8318,2058.0076,1971.0471,-1623.0262,1605.6624,2129.6072,-1155.3895,2045.9624,1940.0884,-1366.311,1634.2007,2092.7798,-942.415,1998.3102,1989.3362,-0.2617375,1753.8235,2014.6117,0.57622665,2127.2651,2454.0745,-37.439312,1819.2991,2479.356,240.48648,2241.5771,2901.5002,448.81863,1876.7977,2860.9585,1140.8186,2218.1777,2969.6355,466.5411,1913.5577,2912.1694,1200.9272,2395.2278,3059.2864,-113.78291,1824.8695,3039.3853,696.89954
image_0026.jpg,3365.486,795.2958,-2670.4163,3441.3538,685.4808,-2733.413,3477.6902,678.0394,-2733.6033,3514.935,669.41815,-2733.6997,3374.809,702.1428,-2501.2896,3356.3723,705.4483,-2501.3252,3337.6047,709.6107,-2501.0786,3661.4617,694.72797,-2541.2505,3430.6106,738.0758,-1417.2047,3489.856,874.425,-2573.7314,3390.1174,891.94836,-2247.9436,4117.335,1230.8895,-2513.983,3365.8428,1268.9633,-490.30667,4239.3916,2115.8638,-2585.2405,3334.4192,2007.3673,-41.85326,3830.8835,2622.6943,-2772.302,3442.6226,2564.4736,-965.6723,3751.0823,2795.2551,-3081.0508,3480.8125,2778.3828,-1196.0234,3658.823,2734.53,-3124.529,3526.4207,2740.938,-1453.677,3692.8333,2672.9453,-2778.8154,3545.748,2655.8115,-1104.8765,4034.5977,2567.6213,-723.1329,3651.3164,2592.6128,724.83234,4094.9397,3534.6394,-1224.796,3657.638,3599.52,1480.88,4212.4614,4479.1616,-1066.0928,3837.0342,4484.4346,2674.1194,4315.1733,4622.7236,-1114.0205,3972.9546,4655.3335,2742.6384,3930.0227,4828.9966,-2136.734,3403.1106,4793.2163,2100.6965
image_0029.jpg,2191.293,2395.918,-2433.8093,2217.7197,2299.1323,-2237.7231,2255.3352,2302.251,-2237.916,2293.608,2304.851,-2237.982,2103.1934,2290.8127,-2313.3594,2054.1912,2286.637,-2312.1274,2004.9426,2283.247,-2311.7803,2287.4714,2362.9404,-1191.2045,1887.36,2338.123,-1519.5815,2236.2744,2514.246,-2035.1971,2074.2524,2503.3894,-2129.5588,2552.8398,2952.7568,-795.4557,1470.4069,2954.1904,-1118.8477,2804.3193,3697.694,-929.123,1217.614,3761.8027,-1424.0465,2554.731,4178.7793,-2620.5874,1515.2242,4165.813,-2721.7737,2489.1853,4397.26,-3043.7158,1598.2389,4365.2344,-3103.4636,2370.606,4300.7285,-3164.2268,1703.7635,4246.418,-3206.581,2357.5103,4221.708,-2679.429,1702.6979,4171.425,-2759.127,2392.548,4475.123,70.312256,1740.9083,4502.9844,-61.600258,2529.867,5311.751,-1449.5609,1707.8666,5401.9497,-1596.4818,2436.1023,6161.052,291.7125,1798.5256,6259.016,321.78635,2391.219,6285.509,427.6592,1797.3094,6382.4907,443.21967,2501.2205,6529.7285,-417.1713,1910.1965,6631.3135,-590.08405
image_003.jpg,2066.8887,1196.7134,-953.2321,2106.211,1134.5933,-849.3993,2134.7207,1135.4414,-849.9242,2164.0264,1135.8203,-850.4336,2021.7175,1133.8593,-866.31055,1991.2751,1133.4811,-866.0414,1960.6968,1133.5217,-866.79584,2195.8438,1182.631,-232.6398,1916.3557,1178.7435,-308.2004,2116.037,1290.2723,-710.05707,2008.031,1289.474,-732.34125,2382.4805,1678.3579,47.76434,1695.5217,1655.8324,-33.750393,2484.9856,2227.4312,-7.480382,1593.2145,2203.1282,-30.22541,2198.957,2532.3918,-500.08398,1889.1583,2556.5493,-513.1796,2140.3228,2657.9153,-679.08215,1937.1388,2705.3499,-729.4711,2080.7915,2600.8643,-748.1632,2016.146,2653.3606,-798.446,2094.7021,2556.314,-531.73035,2003.2621,2606.62,-541.1386,2215.6462,2863.5044,-10.199732,1781.6339,2842.6067,12.118945,2280.8027,3605.5583,-357.23254,1498.9242,3609.0708,-333.59918,2221.0686,4451.669,200.93115,1331.4873,4411.7437,210.21349,2172.3296,4573.7495,203.56677,1359.2615,4535.366,198.56216,2289.614,4680.5425,-565.22485,1159.8417,4635.888,-573.25586
image_0030.jpg,1907.599,2891.8364,-2418.8037,1863.9062,2658.8103,-2547.0703,1913.1995,2612.0276,-2546.446,1963.1669,2564.212,-2547.1333,1740.7085,2737.807,-2368.277,1689.5958,2756.3638,-2370.3494,1638.6644,2775.5913,-2373.7458,2068.5237,2403.508,-2253.3467,1624.2621,2683.2124,-1450.2225,2087.1228,2848.3696,-2228.313,1924.2397,2956.388,-1988.2797,2946.0479,2487.1997,-1814.3309,1663.1913,3067.756,-651.02686,3852.031,3171.655,-1591.5197,1825.8868,3995.082,267.21436,4302.9644,3488.074,-2041.725,1890.4469,4399.652,-216.53207,4460.1245,3550.7966,-2272.3516,1933.9293,4533.6587,-445.87875,4381.52,3513.8064,-2460.8955,1929.3745,4463.179,-695.4006,4270.864,3527.1262,-2144.4685,1997.8583,4381.042,-339.72482,3575.3516,4291.8257,-544.16016,2904.1042,4503.622,552.1658,3498.1753,5202.771,289.06183,2804.1519,5333.044,1511.9087,3618.8564,6080.68,2473.6274,3192.7422,6007.638,4173.9097,3682.392,6159.1274,2690.0156,3344.7856,6043.7725,4417.013,3572.7717,6692.339,2031.6362,3199.399,6628.8057,3918.6023
image_0033.jpg,1322.1582,1568.303,583.42334,1329.0345,1538.8892,476.97495,1325.4214,1539.4374,477.09998,1322.2404,1539.65,476.70572,1348.2196,1539.6715,572.4956,1357.1539,1539.8732,572.6192,1366.3141,1540.256,572.3837,1339.5677,1564.1234,62.23732,1395.5438,1561.9596,510.71622,1319.7544,1602.213,441.991,1335.3689,1601.3005,570.9438,1326.9302,1748.5515,-461.46817,1483.18,1773.1508,643.4571,1245.9227,2030.5101,-573.4078,1371.1488,2032.3524,667.44696,1115.6062,2213.409,-352.8835,1217.0675,2191.686,444.33948,1083.98,2259.5273,-420.2729,1178.7799,2229.1326,448.98697,1082.865,2247.3389,-366.81628,1171.2755,2220.1895,363.4035,1102.876,2227.887,-330.14642,1175.7144,2207.0762,394.34174,1386.8857,2281.9102,-364.9547,1481.4951,2276.1763,366.0193,1405.8961,2725.016,-309.61697,1462.1261,2663.8767,393.8106,1443.4572,3155.1218,-143.82228,1489.3641,3066.2031,604.24835,1486.7361,3213.5708,-142.35696,1518.223,3135.1326,605.4607,1318.3761,3247.1804,-385.39685,1364.7134,3134.3335,436.58112
image_0034.jpg,1803.014,1510.7113,-241.33676,1819.4886,1465.5143,-186.42107,1814.5941,1460.3342,-186.77252,1810.0958,1454.9229,-187.19536,1821.5975,1467.0771,-347.11072,1816.942,1460.2264,-346.63687,1812.3611,1453.643,-346.66595,1762.212,1420.9886,91.75072,1769.9958,1416.4989,-628.516,1756.7343,1516.2263,-118.74254,1756.8733,1511.2501,-330.13342,1539.3651,1522.2511,644.728,1575.7258,1516.7306,-1063.4271,1434.2351,1860.7798,921.2506,1445.0264,1837.7197,-1304.7997,1535.5248,2133.1174,606.0085,1657.4579,2147.3274,-1176.9752,1569.2902,2199.8044,643.4959,1687.3287,2244.004,-1322.2078,1608.5431,2211.535,473.50748,1753.0688,2234.224,-1250.6962,1594.1047,2190.994,530.69684,1727.2316,2202.372,-1130.7853,1414.3043,2176.6453,522.1324,1405.7483,2201.9363,-519.50635,1445.3835,2666.161,725.5031,1457.2789,2690.0386,-378.24017,1411.5624,3139.7505,1108.2404,1343.7764,3172.7358,-26.313482,1364.4868,3213.6638,1130.1149,1264.1216,3240.745,-9.477093,1565.1427,3280.3416,962.7215,1498.7766,3337.9756,-254.23747
image_0035.jpg,1815.1229,868.3804,20.216349,1821.5602,822.4463,17.43027,1814.364,815.45886,17.389648,1807.3885,808.62036,17.213947,1830.8778,830.9739,-112.026985,1828.8582,827.39984,-111.44896,1826.9119,823.9415,-110.97223,1755.9752,772.56006,100.78501,1787.283,790.4102,-485.76025,1768.1731,867.45154,71.24792,1779.3425,872.7289,-98.03228,1522.3136,820.74207,327.48508,1678.3748,887.5115,-757.89764,1284.7158,1013.10345,288.8946,1694.7354,1143.2952,-929.3481,1143.2574,1209.0264,39.2002,1882.4542,1242.8143,-828.3962,1107.8467,1263.7072,32.699753,1929.9878,1280.283,-910.7584,1125.1625,1273.1107,-19.02592,1931.5604,1247.1254,-877.58954,1139.8757,1249.0944,7.3405905,1912.1489,1230.9688,-807.3304,1406.5731,1329.5457,386.8795,1510.6168,1351.8508,-384.95386,1207.4152,1671.4384,707.8514,1706.2278,1657.2698,41.788654,997.4002,1944.4307,1133.9556,1739.7632,2022.9039,734.9365,943.5111,1976.9777,1168.0305,1715.1667,2088.0208,798.1964,1018.2895,2036.1439,970.0218,1806.9978,2106.4746,685.4541
image_0036.jpg,1582.165,705.2945,-238.02278,1634.5616,665.2911,-103.0168,1657.1007,671.15045,-103.20043,1680.3307,676.5983,-103.89445,1564.7196,653.0368,-91.75055,1541.867,648.7323,-91.47809,1518.5363,644.6282,-92.1726,1709.3049,731.61426,631.31683,1486.849,682.83167,694.6246,1616.881,786.5618,23.25084,1528.2672,767.8722,35.272293,1794.8663,1137.6273,873.7075,1251.7219,1047.004,1078.895,1733.6937,1573.18,369.7807,1056.1611,1469.9274,394.2777,1429.6309,1508.2771,-757.8232,1346.819,1410.4567,-966.8909,1329.8638,1525.2136,-1030.8635,1420.9287,1407.9142,-1253.7527,1353.2145,1453.6465,-1027.6265,1455.5886,1344.6936,-1215.6584,1382.5508,1439.7284,-783.87225,1445.7527,1344.2808,-974.801,1579.7029,1985.3888,-20.345367,1225.8733,1941.4076,21.865402,1558.146,2789.983,-261.18854,1217.6368,2770.1245,-193.41751,1518.528,3444.2217,714.1812,1240.932,3490.138,653.6796,1491.6035,3510.1467,761.23175,1267.3998,3577.6372,689.60895,1507.8093,3716.077,-30.607243,1186.4805,3753.5715,-109.82309
image_0037.jpg,1833.4414,2521.7065,-2905.4739,1852.4066,2482.8909,-2827.6511,1867.1937,2481.9094,-2827.0962,1882.2417,2480.4385,-2827.3696,1810.1222,2488.349,-2851.752,1794.5701,2489.8713,-2851.372,1778.9313,2491.8787,-2851.1484,1898.6259,2506.689,-2143.4277,1758.5444,2519.4758,-2243.5935,1861.4159,2562.2976,-2631.7075,1804.9769,2567.4958,-2660.938,1962.1221,2716.5933,-1316.5823,1652.3015,2718.6716,-1582.2134,1969.07,2975.7559,-708.27783,1587.4442,2965.809,-993.2491,1961.8582,3182.0217,-869.53235,1650.9421,3185.6423,-965.8935,1965.9893,3241.3547,-937.25903,1656.7084,3247.7202,-1036.9202,1967.7422,3238.6543,-1109.563,1682.6737,3239.8276,-1198.8624,1960.7698,3217.4165,-937.9872,1686.9222,3211.5237,-1021.1366,1903.5548,3152.1084,172.35272,1715.6411,3173.574,-171.78198,2094.2046,3539.2837,18.105469,1754.6642,3601.3633,-277.20587,2117.7952,3897.3875,899.9004,1712.2902,4016.2432,532.1601,2081.8088,3949.5808,944.8141,1700.3966,4070.4236,564.9296,2241.5256,4043.848,319.7681,1770.3976,4188.1104,-126.35533
image_0038.jpg,1626.3887,2131.8198,-1264.8298,1664.8074,2076.5632,-1163.0596,1692.7212,2078.9473,-1163.0367,1721.4807,2080.802,-1162.7197,1584.7823,2073.5063,-1191.0679,1554.2546,2072.731,-1190.637,1523.6564,2072.362,-1191.0588,1746.66,2140.9036,-581.3293,1475.0176,2127.4153,-705.3396,1671.6003,2223.025,-1043.6132,1561.1901,2217.833,-1079.3037,1876.7793,2623.1672,-241.24884,1238.112,2552.8772,-525.2589,1897.6143,3121.5547,0.075741254,1090.9634,3034.6414,-521.31146,1951.8628,3597.3323,-477.10477,1213.8768,3464.726,-878.2044,2004.4316,3755.2427,-597.7341,1209.8538,3618.2568,-1024.6173,1969.0562,3771.423,-808.28455,1302.9431,3606.2485,-1146.6632,1919.4216,3714.961,-568.7868,1322.7993,3550.476,-927.3959,1690.4607,3611.6042,59.73473,1321.0405,3598.3804,-57.75095,1670.1921,4311.556,92.73648,1255.0249,4338.7285,-146.58105,1589.3729,4982.8877,601.2352,1242.0446,5003.8154,524.30334,1536.0176,5077.0854,609.63794,1283.6555,5099.825,536.86633,1668.6005,5232.233,26.271275,1121.853,5246.048,-128.28726
image_0039.jpg,1664.8514,1196.1515,-1354.0541,1747.3169,1115.803,-1322.176,1783.7305,1119.7772,-1322.7797,1820.764,1123.1224,-1322.7137,1665.397,1105.3239,-1248.3402,1637.5739,1099.5076,-1248.7015,1609.5548,1094.3768,-1249.3811,1908.0564,1166.4792,-888.77985,1624.1617,1120.7281,-548.8057,1739.7477,1286.1237,-1175.3263,1626.1538,1270.1403,-1077.7792,2136.5544,1608.3231,-467.0013,1378.7957,1552.4207,-215.20515,2288.3972,2177.944,-711.8013,1079.5842,2086.0713,-136.59496,2041.5764,1888.3687,-1456.5591,1280.2391,2522.1902,-619.92,1923.9244,1830.5029,-1626.7461,1341.0132,2672.3838,-760.9537,1947.3397,1714.4019,-1602.1946,1417.8105,2573.9678,-804.9436,1950.7904,1751.0131,-1437.3313,1416.3314,2529.0671,-627.32184,1904.86,2735.7207,-64.528305,1484.6373,2715.0078,66.875244,1851.8442,3567.9487,-34.977924,1508.3687,3532.2466,25.85102,1813.2181,4212.208,789.14056,1587.5527,4159.2,1082.3904,1791.2242,4276.0205,843.0064,1628.8596,4226.4976,1143.0088,1783.8224,4531.0654,217.44048,1543.438,4473.757,568.9866
image_004.jpg,3078.2654,1391.2867,1183.4973,3049.2224,1331.2921,1002.95624,3022.2483,1329.734,1003.80396,2996.4023,1327.6715,1004.17566,3119.0073,1339.6439,983.14703,3141.8176,1342.367,984.3554,3164.579,1345.4454,985.47754,2950.9365,1376.5895,287.03522,3182.7769,1395.7968,234.1921,3034.0881,1448.1124,963.64417,3101.4988,1452.8982,943.8531,2689.568,1735.1116,-140.52391,3314.423,1767.1145,-158.90305,2547.5662,2208.4966,-198.57437,3371.178,2276.7234,-414.83264,2468.6572,2652.0034,-435.6918,3420.231,2728.5835,-632.2257,2428.0725,2767.933,-532.6411,3449.0698,2871.7715,-736.92255,2462.7488,2783.7815,-555.7646,3429.0793,2865.0596,-818.41644,2506.7993,2745.9834,-439.06958,3394.1296,2815.1182,-657.5418,2753.397,2698.587,105.37223,3098.2458,2706.46,-101.51192,2716.978,3555.1611,189.93196,2968.654,3505.3928,62.578625,2697.2478,4397.239,235.21806,2888.4182,4332.03,281.39392,2708.5034,4522.1655,214.19289,2848.996,4457.036,273.72998,2686.2144,4491.5093,40.47952,2939.0977,4454.1064,83.87508
image_0041.jpg,1607.1221,1521.7211,-1555.4937,1666.9248,1456.3253,-1445.435,1701.7462,1457.2609,-1445.7943,1737.3058,1457.5186,-1446.142,1575.8453,1456.5255,-1429.9618,1543.9143,1456.0712,-1429.5222,1511.8145,1456.2311,-1429.8743,1806.3295,1515.5802,-791.9721,1495.1929,1509.8846,-692.73645,1684.0256,1614.5492,-1305.4114,1559.2789,1613.1462,-1278.0588,2050.119,1987.9669,-372.23218,1289.0576,1993.9484,-303.65433,2211.0947,2510.4558,-185.14136,1192.6829,2533.6013,16.373589,2104.8257,2986.2402,-695.5598,1276.306,2970.5396,-558.36707,2092.9587,3143.9058,-873.0077,1284.6345,3119.9495,-753.713,2040.9261,3111.4624,-1048.595,1349.7311,3088.1685,-939.37976,2026.5416,3055.1648,-770.2475,1373.2836,3031.9688,-637.4099,1898.134,3166.721,-7.4548144,1465.9084,3177.7354,9.204971,2007.0431,3941.733,-2.9589648,1556.6587,3966.0845,171.94371,2055.3113,4575.144,1028.8059,1673.6775,4580.4116,1402.9127,2008.2634,4671.4087,1085.9202,1754.3821,4677.3354,1477.774,2212.4363,4842.1177,379.19888,1510.9232,4855.041,806.0726
image_0042.jpg,1585.0526,1542.5731,-1555.7708,1628.0062,1473.0376,-1383.6865,1660.761,1482.7188,-1383.5181,1694.2933,1491.9333,-1384.4329,1534.9012,1448.1143,-1433.8339,1494.4465,1437.2485,-1433.2892,1453.7131,1426.7009,-1433.8317,1681.6915,1552.8949,-575.94104,1359.532,1466.4872,-782.2393,1609.8988,1651.8997,-1258.5911,1475.5232,1615.9658,-1317.0244,1794.713,2078.6692,-312.1455,986.89825,1926.6855,-625.0275,1809.2118,2849.0847,-201.72375,879.3286,2605.9058,-1657.8818,1927.2947,3545.325,-717.6403,1355.9045,2183.2893,-2972.9893,2008.0898,3765.2556,-803.6227,1528.3676,2114.433,-3193.9346,1941.5409,3774.6401,-1000.9141,1495.5371,1987.9222,-3146.48,1869.1371,3692.7964,-792.6301,1471.1974,2034.6559,-2959.9954,1615.9285,3294.2695,39.13384,1111.2565,3302.7922,-32.12736,1619.8246,4177.536,-82.20278,1251.8657,4298.054,-101.76969,1570.8217,4909.026,1258.0256,1300.5107,4979.4478,1734.9352,1559.2991,5003.429,1358.9175,1283.9907,5045.826,1875.5009,1564.4458,5233.7686,707.2735,1427.855,5338.707,1261.7139
image_0043.jpg,1348.8331,1343.3544,-2111.4644,1458.7305,1249.3236,-2076.6355,1508.1891,1256.7273,-2075.9927,1558.6857,1263.5701,-2076.5547,1344.9843,1232.3431,-1952.6375,1306.5066,1224.4955,-1951.554,1267.5964,1217.4922,-1950.7278,1684.3622,1331.7451,-1554.4878,1282.6088,1260.6902,-964.8281,1452.3123,1468.0404,-1895.8019,1293.0464,1442.0946,-1725.5679,1979.4097,1976.5992,-1286.898,947.29846,1798.5127,-604.5803,2042.8739,2823.2146,-1205.7866,671.46277,2557.0718,-461.62463,2028.7766,3647.7656,-1834.1067,558.67065,3286.327,-1486.2649,2066.6445,3922.4995,-2016.719,473.2931,3535.0354,-1764.04,1960.5708,3929.5361,-2238.569,594.1031,3573.3438,-2083.721,1894.1886,3818.7122,-1892.3557,700.0781,3492.5332,-1635.3939,1524.3104,3530.3726,-194.56331,916.0251,3444.0083,203.51665,1494.2134,4508.9746,-407.58942,747.6369,4438.1543,138.1928,1452.6925,5340.727,915.4392,702.58496,5281.013,1592.1172,1451.4833,5456.281,1008.2468,726.9111,5406.0303,1663.4456,1375.8247,5691.277,241.64276,638.90356,5641.0103,841.39215
image_0044.jpg,1898.1029,1692.3693,-3291.6907,2030.6855,1512.1022,-3063.3838,2108.651,1522.3369,-3063.8828,2187.5496,1532.1335,-3064.135,1831.8486,1484.3175,-3086.708,1754.474,1470.7896,-3087.7463,1676.8328,1458.1442,-3090.9832,2286.1807,1635.1539,-1829.5168,1579.4696,1524.2311,-1896.0665,2027.8285,1892.9651,-2813.5088,1736.9612,1849.1628,-2833.254,2585.8777,2514.7957,-1523.1566,1068.0907,2366.9783,-1360.0864,2716.7686,3790.8547,-2262.0269,957.2167,3611.9993,-1730.7693,1419.2229,3491.2646,-3180.5796,1964.1978,3860.5073,-2381.619,1020.45386,3577.847,-3514.9917,2193.359,4062.64,-2681.639,999.0551,3280.629,-3287.1655,2288.959,3867.1182,-2609.4492,1118.1654,3269.6733,-3066.3464,2214.0715,3794.5583,-2351.3884,1987.951,4647.551,-81.18313,1046.2405,4550.2695,90.262245,2045.0011,5986.0063,-269.53,915.54474,5929.272,68.76591,2022.3419,7212.8965,1795.1736,900.4459,7159.24,2331.0735,2033.6019,7397.9165,1942.0625,879.65265,7338.1616,2445.9336,1941.8583,7656.995,763.5413,951.8042,7647.6646,1186.3779
image_0045.jpg,1741.5758,2581.888,-1561.1353,1775.8423,2542.807,-1572.1403,1790.1324,2542.5076,-1572.363,1805.0968,2541.6023,-1572.0204,1748.0729,2542.1016,-1482.1599,1741.0557,2540.8628,-1481.7024,1734.0789,2540.136,-1481.6176,1864.6674,2553.5923,-1349.9021,1767.1588,2549.0886,-908.2552,1786.3503,2624.7275,-1464.7837,1748.4817,2622.3008,-1336.4832,2054.859,2798.3157,-1104.9109,1700.4161,2783.377,-387.503,2135.157,3103.6594,-1072.5345,1674.0135,3061.5737,-244.57166,2134.2803,3350.55,-1404.3354,1660.337,3297.1648,-997.95605,2153.4707,3431.8574,-1557.6456,1651.2053,3376.1467,-1151.3483,2115.0134,3433.4675,-1649.6707,1671.3569,3373.6377,-1317.2849,2096.7827,3399.6033,-1437.9099,1696.8567,3343.856,-1085.3939,2021.24,3346.5044,-251.76886,1829.555,3351.1826,253.16246,2080.526,3723.0276,-707.6882,1843.3193,3726.8574,1160.9146,2159.5415,4129.4463,-554.37714,1871.0638,4014.872,2398.3923,2164.5105,4189.5464,-574.94586,1908.6195,4067.3752,2501.0107,2154.1572,4276.3516,-1175.9446,1756.2844,4147.4204,2108.9644
image_0046.jpg,1616.034,1200.6202,-1693.7759,1655.0609,1114.4052,-1594.4998,1691.6594,1108.9447,-1594.6592,1729.3248,1103.075,-1593.7958,1555.8705,1132.1389,-1588.7009,1518.468,1138.413,-1589.1095,1481.0488,1145.2839,-1589.9266,1789.5409,1160.5814,-916.3477,1447.9565,1211.1188,-870.5861,1705.0942,1293.367,-1439.0846,1566.7402,1314.4202,-1423.5963,2066.6357,1676.0674,-580.2441,1282.521,1739.048,-580.6329,2022.6283,2362.8894,-716.3044,1291.5266,2473.3125,-727.49695,1394.1743,2373.7466,-1167.2163,1356.4204,3065.1497,-1164.8088,1196.8038,2441.3247,-1395.0227,1328.1436,3273.3167,-1254.3184,1170.2104,2328.8525,-1353.7224,1409.2474,3243.8516,-1439.7142,1216.6626,2320.3809,-1140.1561,1450.1876,3155.436,-1231.6885,1841.3893,2951.4167,132.04367,1381.4338,2932.4033,-129.42691,1797.954,3842.341,839.7679,1101.5046,3894.5598,-485.51535,1732.731,4249.063,2686.4739,854.9751,4783.7617,-48.740498,1681.0774,4304.693,2840.9424,841.0452,4915.686,-56.444893,1839.6119,4505.69,2550.2256,774.80206,5132.4194,-915.4011
image_0047.jpg,2522.364,2939.9517,-589.43115,2555.169,2889.3774,-409.822,2579.6636,2894.3523,-409.50732,2604.4014,2898.8037,-409.60675,2479.9243,2875.5615,-499.5366,2450.0322,2870.3132,-500.4641,2420.1714,2865.7585,-501.37415,2608.402,2944.1895,472.30212,2360.5837,2903.8013,7.5721717,2553.0723,3028.2512,-262.03583,2453.5256,3011.493,-399.0515,2722.7485,3349.3235,859.5242,2148.7476,3315.3792,-46.476086,2890.4058,3745.2969,-135.23944,2153.4802,3699.4263,-793.37915,2396.6028,3528.7185,-1152.6135,2643.528,3677.077,-1181.5665,2264.3252,3492.394,-1454.73,2765.5474,3714.9797,-1357.8097,2247.449,3441.4648,-1254.8765,2798.4033,3659.837,-1317.3861,2276.443,3465.1995,-1115.222,2747.7102,3664.836,-1146.4867,2736.333,4352.1514,371.82376,2407.589,4356.802,-368.55176,2748.2415,5169.416,603.8478,2429.3154,5112.238,-660.9368,2735.1184,5885.1685,1332.4008,2292.8357,5835.7773,-104.83535,2662.077,6011.2646,1360.803,2247.853,5933.3237,-95.530525,2947.8413,6070.559,631.3669,2381.4167,6114.0327,-928.1814
image_0048.jpg,893.1716,930.17993,-881.1444,939.2081,880.92926,-909.04114,957.85474,880.17,-909.03516,977.1074,878.98346,-908.95233,902.44366,882.80334,-807.3125,893.05835,882.2007,-807.05896,883.5829,882.04724,-806.92224,1051.8949,904.53284,-781.6034,923.7023,904.681,-319.83347,949.5891,986.675,-812.89166,899.4454,987.5258,-679.7185,1281.7253,1230.0852,-629.56995,808.45416,1213.3224,-13.389627,1470.7555,1637.2456,-745.8546,726.3998,1565.3275,89.851105,1344.7699,1876.9701,-1182.9684,785.07214,1853.2285,-762.34174,1316.547,1954.2843,-1334.8287,799.58044,1964.0393,-966.7135,1270.7639,1908.5272,-1390.7483,848.6797,1919.2014,-1067.4136,1269.633,1879.9688,-1199.5609,861.13367,1878.0656,-822.3999,1146.3953,1970.2194,-240.08324,890.141,1964.7628,241.14333,1064.303,2492.1672,-851.6485,815.1428,2475.894,-433.20148,1134.5464,2922.0388,-332.24658,1214.5408,2936.517,99.67056,1171.4264,2950.9429,-295.86508,1306.9913,2957.1934,133.5806,1077.124,3144.7385,-732.9197,1239.5225,3189.719,-219.75667
image_0049.jpg,1582.3029,1564.3545,-2533.007,1602.5422,1525.3113,-2463.0542,1619.5675,1523.6151,-2463.0657,1637.0924,1521.5824,-2462.5996,1554.3611,1531.2358,-2466.126,1536.9968,1532.9694,-2465.5828,1519.6449,1535.0498,-2465.1067,1664.4703,1546.6238,-1868.0488,1502.0016,1562.8959,-1847.0508,1619.667,1607.5492,-2298.2297,1555.5764,1613.7845,-2292.9856,1811.5901,1797.2798,-1275.6917,1406.0857,1820.9147,-1301.3689,1884.9489,2112.2654,-1046.2355,1395.0656,2158.6035,-1090.0803,1913.6495,2394.531,-1558.7716,1405.3501,2416.8914,-1569.7013,1932.835,2485.1875,-1698.4645,1396.4612,2501.697,-1730.7924,1904.1953,2487.545,-1890.8494,1426.609,2509.6387,-1909.7379,1884.5693,2454.7227,-1636.8262,1450.7604,2474.8523,-1649.7095,1768.1908,2350.2856,-28.726282,1539.3944,2352.7534,29.30528,1768.6171,2843.878,-317.35614,1578.3304,2855.4521,130.20465,1725.8104,3301.401,358.44394,1644.0255,3294.8547,964.48035,1709.9211,3345.9587,387.15268,1682.1989,3352.197,1010.40497,1713.4514,3506.2283,-287.56003,1580.054,3493.2788,359.26642
image_0050.jpg,1718.3091,3597.3013,-1403.2689,1749.502,3556.7507,-1333.0723,1766.9335,3557.2527,-1332.9038,1784.882,3557.4646,-1332.5912,1700.1859,3555.9226,-1328.5566,1682.6063,3554.9983,-1328.1771,1664.8706,3554.545,-1327.819,1812.2499,3585.2874,-836.8927,1646.9465,3577.7078,-822.22455,1751.4218,3644.7058,-1218.5852,1685.9291,3642.311,-1212.8728,1939.6284,3853.4407,-469.7813,1516.4131,3862.0828,-576.1196,1981.3281,4177.1807,-261.06143,1486.0718,4217.3203,-515.19653,1996.3286,4499.3936,-787.31036,1494.6411,4539.0273,-927.16254,2022.3142,4597.153,-925.64764,1481.7303,4638.32,-1062.2572,1981.9957,4609.081,-1093.3568,1515.2898,4647.7837,-1207.2051,1953.2303,4570.9155,-860.27686,1543.1804,4608.661,-994.57275,1852.2064,4500.8877,76.92619,1604.4877,4495.232,-74.80996,1857.4174,5000.1274,335.41528,1572.443,4937.9536,-419.34277,1809.017,5225.3965,1528.981,1539.1245,5343.983,246.19354,1786.1495,5239.9585,1628.3881,1532.6084,5392.4863,283.67587,1810.7576,5389.884,1284.1614,1579.3481,5514.3076,-308.0099
image_0051.jpg,1311.4065,1974.9318,-1086.9221,1316.9143,1949.2625,-1017.24365,1325.4807,1949.8584,-1017.38556,1334.359,1950.1852,-1017.30035,1286.3828,1947.4648,-1058.9764,1274.0923,1946.5138,-1058.7073,1261.7394,1945.771,-1058.9895,1323.4441,1966.6158,-571.2092,1226.3158,1961.5665,-771.76855,1315.8806,2010.3418,-912.6082,1278.6353,2008.1392,-970.8232,1372.8085,2149.8853,-178.1453,1096.8837,2152.5032,-545.394,1410.0591,2362.5808,58.99603,1059.0306,2391.672,-601.22565,1386.6729,2547.4858,-480.20993,1119.4906,2556.2166,-1013.6316,1389.4307,2614.3562,-631.84314,1128.136,2613.4907,-1174.5265,1375.7491,2610.4963,-751.3041,1155.3259,2600.8845,-1259.3123,1365.037,2584.0205,-547.127,1155.7489,2575.8606,-1051.4508,1341.208,2580.9229,102.77052,1168.6614,2590.7615,-101.6859,1386.3644,2917.904,-369.1815,1129.3889,2916.735,-602.8423,1377.7007,3311.2715,-189.16266,1102.9119,3293.2258,-375.19858,1343.8446,3381.8972,-200.71075,1098.4473,3351.138,-388.90808,1478.3557,3388.786,-674.00665,1138.045,3392.4546,-917.3621
image_0052.jpg,1311.4065,1974.9318,-1086.9221,1316.9143,1949.2625,-1017.24365,1325.4807,1949.8584,-1017.38556,1334.359,1950.1852,-1017.30035,1286.3828,1947.4648,-1058.9764,1274.0923,1946.5138,-1058.7073,1261.7394,1945.771,-1058.9895,1323.4441,1966.6158,-571.2092,1226.3158,1961.5665,-771.76855,1315.8806,2010.3418,-912.6082,1278.6353,2008.1392,-970.8232,1372.8085,2149.8853,-178.1453,1096.8837,2152.5032,-545.394,1410.0591,2362.5808,58.99603,1059.0306,2391.672,-601.22565,1386.6729,2547.4858,-480.20993,1119.4906,2556.2166,-1013.6316,1389.4307,2614.3562,-631.84314,1128.136,2613.4907,-1174.5265,1375.7491,2610.4963,-751.3041,1155.3259,2600.8845,-1259.3123,1365.037,2584.0205,-547.127,1155.7489,2575.8606,-1051.4508,1341.208,2580.9229,102.77052,1168.6614,2590.7615,-101.6859,1386.3644,2917.904,-369.1815,1129.3889,2916.735,-602.8423,1377.7007,3311.2715,-189.16266,1102.9119,3293.2258,-375.19858,1343.8446,3381.8972,-200.71075,1098.4473,3351.138,-388.90808,1478.3557,3388.786,-674.00665,1138.045,3392.4546,-917.3621
image_0053.jpg,1801.1373,3080.8496,131.55104,1756.9817,3019.8167,174.29501,1741.2911,3017.3345,175.05574,1725.9958,3014.6636,175.06715,1780.2197,3024.205,-26.827076,1778.0929,3023.2266,-26.298729,1776.4319,3022.491,-26.397911,1634.1832,3034.4192,393.73636,1708.9205,3043.0588,-504.48947,1751.5282,3134.6597,237.73329,1768.7577,3137.211,-25.117167,1389.3291,3412.5632,917.558,1682.4598,3362.7146,-1058.6096,1430.0863,3931.189,1109.2109,1787.2625,3882.2363,-1231.2607,1587.0369,4276.7915,825.2548,1961.8077,4269.4805,-929.1831,1617.1152,4353.343,878.3498,1982.5502,4377.6255,-1057.6328,1665.658,4352.893,750.2084,2030.5283,4357.5513,-1015.4128,1660.8682,4325.132,760.80914,2006.9729,4325.8276,-892.05066,1485.7432,4302.139,691.0251,1663.561,4290.5386,-687.1512,1559.3514,4924.448,1097.3201,2133.6924,4770.1567,-681.3828,1522.9336,5557.611,1339.0992,2052.786,5508.1807,-420.7893,1459.0764,5681.108,1345.0635,1953.2491,5630.6104,-398.6295,1739.3503,5649.8853,1217.2504,2275.525,5680.779,-577.21326
image_0055.jpg,2545.196,1045.8682,-1210.734,2573.6997,1007.1627,-1117.7516,2589.5168,1013.08484,-1117.0569,2605.5967,1018.7049,-1116.9984,2524.8938,990.1731,-1162.511,2505.9087,982.10614,-1163.0677,2486.882,974.5591,-1163.7676,2600.518,1035.7,-483.58054,2439.331,978.7458,-703.1286,2553.7224,1095.7365,-966.2828,2491.078,1072.2178,-1030.2986,2648.4944,1213.5023,-41.326836,2249.9495,1238.3906,-444.895,2966.999,1133.0798,-260.97357,2096.7744,1620.8143,-453.38422,2688.555,979.9721,-514.61633,2190.903,1889.1642,-690.20184,2617.3376,938.5916,-618.3434,2204.083,1972.126,-750.37524,2586.368,958.7707,-488.42972,2253.8677,1945.4102,-800.2571,2603.9763,990.8264,-477.7298,2254.8977,1913.537,-686.3053,2626.9373,1935.01,175.85692,2394.2092,1945.3063,-174.20117,2680.4016,2404.9705,172.03342,2404.09,2409.6165,-152.04443,2687.7783,2856.3848,858.6604,2374.1355,2827.173,697.0785,2649.5664,2936.129,894.69556,2361.3862,2883.5703,743.30334,2836.0757,2997.7344,378.6435,2421.885,3025.19,188.19572
image_0056.jpg,1764.3608,1056.4315,601.9683,1750.0072,1032.6115,520.7666,1738.6378,1034.1469,520.7989,1727.7604,1035.326,520.74744,1783.4811,1030.6196,529.9542,1794.5918,1029.8586,530.57904,1805.8301,1029.3479,531.0569,1722.4,1063.107,177.01115,1832.188,1052.701,249.42656,1755.0542,1091.4792,493.09726,1785.8146,1087.6022,512.62335,1650.8802,1263.4952,-75.11216,1959.8137,1234.2339,115.44807,1616.8021,1558.2288,1.6830548,1984.8857,1539.8765,64.598015,1605.0504,1750.246,172.97148,1955.9459,1736.8593,17.001093,1598.5848,1804.0723,168.72519,1958.531,1798.1914,2.595425,1602.4932,1799.8021,164.7573,1941.2655,1790.5872,-7.444297,1620.6313,1777.3586,178.81136,1932.0887,1769.6973,12.5578785,1741.959,1729.1921,-39.38614,1913.7612,1705.8025,41.91084,1725.1792,2092.8276,-5.2793365,1887.5256,2064.2595,212.81848,1733.8289,2471.7434,-201.40057,1887.8718,2440.5586,66.66862,1749.1139,2540.194,-230.46896,1879.8226,2510.4116,42.2368,1701.4031,2525.9277,-283.17352,1898.5419,2497.7239,14.582307
image_0057.jpg,1146.1334,1618.9734,254.92331,1129.3995,1592.9387,155.35046,1115.8511,1594.2706,155.54823,1102.9553,1595.3258,155.787,1169.1262,1591.9443,168.80797,1182.5316,1591.6663,169.90929,1196.0033,1591.7744,170.32314,1095.4319,1628.0396,-191.10965,1222.9879,1621.7219,-99.683495,1133.4407,1656.9229,154.88887,1170.0225,1653.7947,179.54257,1003.85065,1854.7648,-360.64978,1355.0342,1817.5016,-89.84647,976.21234,2191.6594,-123.96762,1398.6023,2164.831,115.8976,996.91516,2353.2327,272.23206,1357.4652,2315.426,452.73782,996.70404,2400.8638,301.98245,1352.5803,2370.3633,527.0927,1001.9853,2390.2039,295.43262,1330.3018,2357.287,502.91144,1021.1361,2369.845,283.6818,1324.7661,2336.9893,454.4344,1094.4662,2371.1648,-31.984621,1284.9961,2341.6648,34.006813,1095.1858,2762.0955,100.66895,1379.7896,2709.0522,261.7181,1121.2985,3158.9158,135.15825,1505.2098,3095.8699,334.6908,1137.8973,3223.1804,134.31355,1514.0985,3160.107,335.51166,1097.5754,3241.2102,85.238075,1544.2825,3186.542,319.8082
image_0058.jpg,1487.9276,633.42926,-784.4914,1530.2146,596.18835,-807.8509,1545.7803,597.4694,-807.82336,1561.7357,598.5724,-807.9217,1503.1656,593.8287,-722.2444,1495.6792,592.4118,-721.7661,1487.8983,591.4112,-721.2892,1624.9438,625.8247,-764.99023,1523.3787,613.282,-369.9531,1532.2485,681.703,-760.10175,1490.142,676.7542,-645.3469,1765.3269,906.36707,-695.72504,1412.8696,821.53314,-183.0428,1746.4463,1242.1512,-590.2074,1293.9866,1068.9999,-18.893673,1732.5619,1546.0068,-713.1022,1269.4823,1286.8164,-457.6003,1747.6952,1640.3572,-777.3903,1265.9166,1370.1298,-563.48944,1717.3739,1648.243,-867.89124,1289.7045,1357.7678,-659.7481,1693.9016,1608.1661,-735.8812,1313.1909,1329.3599,-506.05197,1591.1176,1451.8302,-120.41014,1385.0382,1414.9198,123.95218,1556.3123,1836.0054,-43.654903,1306.2837,1794.9852,313.53885,1538.4314,2081.64,623.59955,1298.0009,2040.5492,1162.0955,1537.7102,2110.1338,679.8282,1318.7032,2070.4614,1229.1289,1511.3771,2227.4812,479.84866,1248.9673,2194.2993,1033.9697
image_0060.jpg,2627.5486,1328.4034,340.82736,2605.1948,1300.7245,233.7862,2593.958,1301.8666,234.07256,2583.1243,1303.0342,234.08469,2637.6665,1295.5839,246.48985,2649.8123,1292.4116,246.40598,2661.747,1289.7909,245.02051,2574.8008,1327.609,-119.98361,2683.5935,1306.2809,-73.24251,2621.584,1359.4747,238.36443,2652.9744,1353.7333,254.3229,2505.1665,1541.6234,-209.84995,2808.701,1481.8033,-271.95166,2303.316,1721.6221,187.46907,3033.41,1687.8446,8.197623,2292.95,1517.7988,640.1595,3060.2332,1478.6382,214.14655,2260.8938,1462.7019,614.2961,3093.1377,1414.278,181.79228,2299.3113,1436.016,626.4427,3044.6853,1394.6466,199.02956,2318.7007,1468.8992,638.9579,3036.3518,1424.3588,226.28899,2631.4648,2009.3535,28.464216,2792.2249,1980.0275,-27.445927,2627.3743,2224.3635,550.45996,2936.337,2243.2744,448.43204,2709.4597,2442.1926,923.6329,2949.4507,2526.4153,624.9385,2733.8118,2476.9978,964.0348,2945.448,2567.7952,649.1588,2680.8486,2459.9275,911.08563,2969.0056,2579.381,642.28503
image_0063.jpg,1757.5934,1086.6064,-2221.6975,1781.1095,1049.1577,-2147.2808,1798.1115,1048.5736,-2147.6372,1816.1311,1047.5288,-2146.8984,1732.8331,1053.5767,-2154.9482,1715.6385,1054.9836,-2154.698,1698.7682,1056.7642,-2154.2532,1845.8956,1075.6691,-1578.5676,1682.2048,1085.2281,-1546.9479,1791.7019,1136.009,-2002.4532,1729.2382,1140.4911,-1992.2399,1972.3242,1337.4214,-1013.5599,1567.727,1348.3457,-1019.5651,2035.3645,1608.8389,-611.1405,1513.483,1668.1414,-697.08923,2032.2334,1866.1638,-1084.1189,1500.3834,1924.0939,-1113.426,2047.3815,1951.2919,-1244.5115,1490.1744,2002.6388,-1258.9984,2011.5411,1951.0383,-1419.1359,1509.2856,2005.6172,-1471.2671,1992.9755,1921.9623,-1156.792,1532.9172,1977.6117,-1206.8003,1878.1758,1932.0646,-88.032265,1645.0255,1931.0088,89.34094,1891.5121,2379.5085,-909.8789,1656.5514,2348.3904,869.4586,1926.3472,2888.4175,-992.9281,1653.8228,2694.5515,2039.739,1933.3944,2955.2695,-1041.7322,1665.6306,2746.9136,2136.379,1892.4142,3056.358,-1804.693,1624.9095,2848.9216,1602.8071
image_0064.jpg,2254.7817,2391.9202,345.69202,2239.1848,2353.5354,193.17393,2230.0178,2354.0593,193.21893,2221.8105,2354.0647,193.4416,2273.2856,2349.1665,258.0569,2285.4539,2346.5195,258.43405,2297.864,2344.2058,258.7201,2234.5369,2368.5215,-347.981,2340.459,2352.2195,-31.50381,2256.4807,2426.1035,176.90735,2286.2798,2420.5933,268.33356,2199.6555,2564.6226,-699.28656,2553.897,2522.1113,61.178047,2122.8,2879.504,-572.75433,2681.6057,2821.2937,2.7086132,2072.0322,3115.2996,-262.57568,2693.176,3089.132,-115.51904,2057.8533,3184.9653,-302.61472,2715.6353,3157.38,-129.03334,2055.6687,3176.349,-283.66855,2682.5657,3159.2073,-157.19833,2073.9724,3153.1765,-241.00919,2669.0383,3137.7407,-126.298836,2348.7607,3135.342,-309.57037,2541.1313,3104.4114,311.5389,2396.2935,3495.7302,121.750435,2470.4766,3441.177,1089.0747,2498.909,3898.514,418.6072,2444.6765,3777.6763,1779.9735,2556.778,3964.528,431.34412,2467.9243,3846.18,1839.4033,2361.4407,3976.8752,296.2353,2313.2373,3835.9668,1830.1693
image_0065.jpg,1631.2328,1816.8193,-807.1367,1656.1627,1777.5399,-863.1865,1666.7172,1773.7578,-863.4517,1677.8517,1769.5248,-863.446,1642.651,1784.7399,-729.1494,1641.9935,1785.7471,-728.7594,1641.1986,1787.0289,-728.5658,1738.8975,1772.0814,-900.2222,1690.715,1791.8373,-247.94374,1672.9895,1843.3411,-808.911,1653.5815,1850.6592,-620.1758,1921.6382,1957.5237,-1021.7485,1683.4358,1996.0426,287.97195,1979.7394,2284.3594,-1069.2034,1664.1019,2306.963,547.3839,1877.5333,2550.581,-1286.9849,1583.8765,2550.9038,185.54373,1878.822,2629.9539,-1443.7821,1568.7672,2630.658,208.98915,1823.4103,2628.9182,-1489.9912,1547.0088,2633.5444,17.024565,1820.1676,2599.5513,-1301.9658,1569.4531,2609.0356,99.5312,1840.3887,2517.3772,-454.28738,1724.9052,2524.4766,455.22177,1760.2699,2960.815,-591.3405,1803.5281,2948.62,707.10767,1748.6802,3415.6963,-482.16946,1930.3961,3365.1677,1042.1444,1793.2078,3484.211,-501.8475,1988.3458,3445.4915,1055.2522,1572.116,3559.3994,-984.39087,1766.5511,3475.3877,749.0373
image_0066.jpg,1076.49,1843.9862,-1198.2715,1150.8531,1760.7363,-1229.6578,1181.7406,1758.9037,-1229.5863,1213.282,1756.5712,-1229.9297,1095.6519,1764.2346,-1081.637,1079.5853,1764.2677,-1080.7448,1062.9935,1765.0034,-1080.4951,1336.7736,1793.6804,-1148.8743,1129.44,1796.4613,-448.71262,1172.6982,1921.4176,-1154.1445,1084.5798,1924.0514,-954.7307,1682.6896,2245.371,-1119.9021,1021.20416,2260.587,-133.48856,1874.549,2919.6865,-1128.7183,1013.4357,2894.9812,60.561478,1616.5781,3346.0222,-1282.0747,1000.00806,3482.8079,-565.77985,1539.2515,3506.5906,-1364.1444,992.1627,3656.454,-689.42053,1492.8912,3415.734,-1453.6912,1010.7058,3658.6243,-891.0979,1503.3147,3347.2573,-1279.9958,1070.0685,3588.0376,-661.8494,1564.5518,3387.977,-315.80466,1195.1975,3380.195,321.35626,1608.9875,4122.022,-132.71416,1274.0829,4093.1487,837.092,1643.172,4714.09,689.3635,1375.4149,4608.6836,1863.6725,1685.3457,4792.4556,756.86163,1421.9309,4686.58,1937.6747,1525.939,4984.4756,423.34406,1279.6549,4870.2334,1664.151
image_0067.jpg,1538.0457,1504.4635,-1635.4121,1510.3684,1441.0643,-1442.5796,1531.9879,1438.9937,-1442.0107,1554.9038,1436.3044,-1442.6229,1431.0316,1454.7744,-1557.5168,1393.208,1462.302,-1556.687,1355.2058,1470.3965,-1556.0366,1522.1206,1508.511,-658.01636,1243.2183,1566.3918,-1155.2096,1569.9761,1623.4363,-1357.1489,1455.3408,1642.2654,-1502.0647,1785.2051,2202.3247,-435.615,900.93036,2244.3896,-1047.1451,1916.4229,2971.7166,-118.9891,745.7704,3067.2668,-1141.9421,1943.9043,3694.4482,-1258.8044,947.7314,3723.7817,-1882.9105,1978.5824,3921.6052,-1632.9371,961.684,3938.2454,-2196.6213,1891.4081,3932.0603,-1816.4116,1094.8976,3896.1936,-2385.4568,1837.696,3835.9902,-1355.3229,1111.5964,3794.774,-1966.051,1691.2423,3672.7197,213.90482,1157.1436,3724.2837,-206.40942,1763.1472,4671.412,176.47842,1215.5872,4762.262,-224.19861,1780.8226,5554.442,1258.9885,1234.5101,5636.7617,937.1456,1740.7866,5700.973,1316.495,1182.9952,5774.2744,978.1373,1922.5214,5866.7603,579.25,1463.0745,5970.564,43.956337
image_0068.jpg,2685.8245,1346.9955,665.9887,2679.5369,1282.8127,501.2637,2678.0442,1277.0752,501.6294,2677.2363,1270.9121,502.12793,2702.0547,1287.6887,648.025,2715.033,1285.5256,648.19464,2728.5293,1283.6298,647.661,2732.066,1251.6738,-93.68531,2802.5928,1265.814,583.9423,2720.4387,1373.0305,479.3147,2742.898,1379.2743,677.5736,2771.0657,1454.4896,-575.358,3149.53,1450.585,709.9921,2777.1465,1948.5312,-332.53635,3275.3884,1863.5753,912.30066,2670.008,2153.955,550.0418,3104.077,2100.9167,1095.9569,2629.1685,2215.152,613.71564,3078.6372,2159.0862,1127.7006,2634.071,2163.6016,612.2499,3037.8245,2144.169,1074.6785,2669.7012,2145.1665,587.094,3039.564,2129.0298,1068.2112,2881.0952,2322.2305,-451.34625,3096.6772,2306.1594,452.2431,2763.2083,2931.9043,-349.93442,3012.7354,2886.3438,588.0046,2832.208,3558.051,-196.648,3059.6997,3484.2607,842.7963,2916.4038,3659.33,-186.02176,3131.1863,3599.5762,845.3399,2590.4749,3695.2642,-322.9224,2839.7388,3598.1345,753.9361
image_007.jpg,2396.9426,1293.8358,-3386.0269,2319.0017,1158.4193,-3096.6816,2331.1392,1151.261,-3096.9001,2345.571,1143.7433,-3097.7664,2245.268,1173.872,-3410.621,2197.3594,1176.6072,-3409.6118,2149.4421,1180.5021,-3410.425,2192.1008,1190.03,-1591.1218,1921.771,1254.8403,-2948.8926,2359.582,1426.4635,-2804.0564,2247.7913,1445.8954,-3199.8125,2330.946,2073.555,-181.13007,1282.913,2053.9077,-2640.5142,2360.2427,3066.104,1179.142,1004.6268,3061.9968,-2100.342,2396.5925,3849.6245,-842.585,1132.1149,4012.961,-2663.0945,2368.9514,4108.962,-1404.692,1107.3286,4320.784,-3110.5645,2411.4065,4044.3506,-1946.5471,1282.1011,4243.812,-3425.7961,2373.6013,3935.712,-1151.823,1310.534,4086.661,-2778.5955,2133.1895,4104.625,707.5515,1497.714,4157.088,-695.69183,1996.8535,5540.5396,1448.4255,1412.3303,5634.19,-241.70491,1941.2146,6741.203,4220.9155,1257.866,6867.6465,2586.6667,1861.2233,6925.8936,4400.6025,1159.8898,7051.034,2775.4817,2182.8813,7180.79,3040.0789,1484.1401,7385.2036,1172.0657
image_0070.jpg,1829.2405,1817.8091,895.7169,1802.2269,1756.1812,662.5386,1777.3561,1755.2644,663.8686,1753.5925,1754.141,663.84564,1875.8306,1760.3429,688.6012,1899.9114,1760.7323,688.6477,1924.0249,1761.6033,690.65125,1727.3224,1802.1589,-134.00516,1961.7954,1813.743,2.1945057,1797.3297,1882.1743,653.0451,1865.4625,1881.6055,687.88184,1474.0258,2158.2625,-575.62,2189.8945,2191.9448,-295.0422,1281.7598,2704.1865,-432.58197,2480.3665,2729.6978,-559.70557,1347.0624,3197.8025,-98.19048,2513.066,3113.5435,-392.94574,1361.9116,3343.1885,-86.04015,2545.6306,3240.5361,-340.14636,1388.7799,3330.3809,-97.72304,2486.6963,3206.1653,-316.812,1401.5208,3285.089,-81.20633,2452.0684,3157.0598,-359.7175,1635.8983,3292.9497,-16.124924,2024.9954,3287.978,19.648495,1652.1434,4038.9832,382.7398,2019.865,4019.0793,880.36163,1682.5199,4803.825,520.80853,1979.1759,4741.852,1102.8448,1702.3623,4934.0273,517.33325,1944.1772,4868.127,1116.8824,1684.8135,4879.6934,613.40546,2052.972,4850.421,1234.511
image_0071.jpg,2071.1382,1845.4751,696.0255,2057.2126,1802.6085,555.0322,2042.4247,1802.131,555.3602,2028.5172,1801.2112,555.81824,2104.5215,1804.6663,598.4942,2121.509,1804.4918,599.72504,2138.7646,1804.6711,600.23,2027.822,1832.4861,-6.3447514,2181.196,1833.1659,236.20868,2059.3293,1888.4349,523.256,2102.561,1887.947,591.4154,1927.1151,2097.4934,-412.02402,2379.218,2085.3494,179.38052,1898.6846,2519.538,-423.84677,2423.0427,2486.7017,162.4671,1842.9198,2866.7417,-374.8826,2408.3042,2772.4624,143.08072,1814.4711,2963.997,-434.0188,2418.9846,2858.202,115.972176,1821.7814,2955.351,-443.1569,2394.3923,2850.461,84.25076,1847.4081,2920.601,-364.86755,2380.272,2821.0076,127.58228,2012.3164,2766.0095,-154.71623,2272.0696,2772.6567,157.60188,1963.6747,3275.4006,74.69739,2252.1465,3288.334,586.57214,1892.7617,3832.1057,171.5733,2260.377,3816.6724,827.27124,1905.6735,3928.6062,165.24347,2259.7217,3902.6267,830.09564,1812.2761,3889.5854,19.115341,2247.7507,3897.4365,708.81934
image_0072.jpg,1496.5137,712.2064,-2113.9578,1531.7161,649.0484,-1975.0114,1559.6523,649.28723,-1975.7296,1588.2664,648.7327,-1976.0665,1450.4474,650.4175,-2009.9818,1419.6093,650.4168,-2009.5245,1388.715,651.0928,-2009.4093,1618.5844,693.0499,-1149.51,1339.9164,693.5492,-1257.9955,1546.4404,793.4689,-1795.5029,1437.8007,793.1157,-1828.6421,1824.7621,1130.5232,-570.967,1090.1718,1131.4973,-741.378,1979.6206,1654.1838,-468.66357,949.2783,1681.47,-611.69196,1730.744,1906.2023,-1368.033,1332.2263,1945.2571,-1269.4695,1666.0966,2018.7847,-1668.2788,1428.9867,2063.6248,-1524.3198,1613.1753,1949.9093,-1770.0735,1499.5266,1988.7578,-1634.3585,1623.0598,1902.8903,-1435.4004,1473.7543,1941.5492,-1315.473,1680.16,2219.382,16.825935,1264.0541,2243.2085,-15.734075,1874.8016,2949.369,-151.54108,1294.7853,2948.4,699.2762,1947.058,3641.0852,515.34674,1342.1074,3504.9685,2413.4294,1879.8888,3763.059,539.8394,1406.4655,3601.486,2545.5293,2226.2239,3881.0986,-213.75696,1165.5588,3764.0483,1885.1696
image_0073.jpg,1403.4778,748.76166,-652.4679,1459.9489,685.7119,-575.1851,1491.8174,684.40283,-575.53625,1524.3253,682.5579,-575.9163,1381.5411,692.4081,-511.49844,1355.6464,694.8457,-511.48273,1329.734,697.75916,-512.3765,1610.1233,737.1724,-97.41398,1341.9999,750.70703,206.1984,1488.4551,830.0816,-470.65094,1378.876,837.1844,-384.40778,1846.2189,1139.9885,46.936447,1242.0817,1142.5793,532.6121,1856.7527,1652.8392,-221.67792,1110.7279,1613.5443,319.89908,1357.4363,1672.0977,-433.02594,1557.9899,1560.5126,-392.7662,1236.4642,1708.3921,-544.94116,1677.7878,1587.2607,-549.03064,1225.1178,1623.0854,-500.57117,1701.1761,1507.5529,-542.3101,1272.0265,1613.9148,-414.44974,1665.893,1510.1106,-397.05972,1685.4963,2050.5828,-204.35294,1322.1003,2021.6683,204.25345,1564.3397,2834.9624,-430.80295,1143.5364,2732.782,-293.02304,1569.1028,3576.9976,-176.54048,1235.3679,3465.3928,186.18753,1576.4293,3677.912,-185.3487,1315.7856,3557.6648,203.50447,1550.3374,3829.695,-852.5249,1031.8594,3745.93,-344.69434
image_0074.jpg,1922.3768,1606.6091,-1057.195,1961.9106,1517.0142,-1009.3137,1993.627,1510.5529,-1009.373,2026.241,1503.5587,-1009.723,1879.3967,1529.4602,-967.98596,1849.731,1531.0203,-967.591,1819.8242,1532.8542,-967.75165,2090.3352,1514.707,-502.87244,1810.3837,1549.0802,-288.34454,2001.9939,1664.1924,-851.559,1893.3055,1678.239,-788.6319,2366.586,1917.3032,-220.56206,1646.4586,1949.4152,207.07903,2512.766,2515.2737,-61.125965,1573.1085,2563.9246,225.58842,2449.2947,3050.3237,-486.06317,1510.5309,2583.222,-772.0263,2468.6719,3221.718,-635.38,1501.2086,2596.3076,-1016.62134,2400.4473,3197.2944,-800.38727,1487.4775,2527.9478,-1117.8162,2374.4167,3126.8633,-541.83923,1524.6158,2517.2727,-844.832,2172.155,3153.9521,-42.329853,1741.4166,3144.1497,45.173576,2303.3464,4011.8914,-178.16635,1777.0813,3992.3423,118.37297,2389.9524,4740.8696,613.99414,1836.3806,4723.2246,960.50195,2349.293,4835.17,655.1266,1885.4673,4816.304,991.9319,2539.113,5049.0063,-77.08713,1791.1527,5045.021,257.72897
image_0075.jpg,1989.0419,1762.9053,-2524.9097,2059.4546,1626.9364,-2493.1,2092.2285,1637.3202,-2493.2024,2126.4255,1646.6547,-2494.1494,1952.4012,1576.3138,-2651.0186,1902.0262,1545.5566,-2650.9417,1851.0151,1516.0216,-2650.4082,2066.4185,1596.9733,-1580.0107,1669.9174,1429.0415,-2322.7908,1946.2968,1849.6141,-2103.4597,1810.2747,1779.4583,-2317.222,2180.0771,1985.7958,-1060.0879,864.2404,1920.5209,-1612.848,2311.142,2817.9834,-411.60864,285.58813,2686.452,-1218.7634,2421.915,3590.0625,-1540.418,654.38104,3559.7297,-1687.7306,2467.4485,3867.8552,-1775.2404,728.47833,3902.0176,-1915.0247,2421.907,3833.0876,-2075.524,900.6226,3796.1895,-2143.946,2337.5815,3751.9297,-1661.5552,908.2937,3680.494,-1739.2448,2151.3337,4004.5964,205.91727,1389.6974,4104.915,-197.37192,2545.7498,5363.8496,227.40979,1380.8613,5461.764,35.712242,2321.7986,6424.8584,2277.9695,1296.1083,6451.8647,2258.3052,2185.5664,6563.6807,2452.0034,1276.1256,6592.288,2433.3496,2526.382,6967.595,1941.3601,1356.6484,6950.1455,1735.0117
image_0076.jpg,2156.1414,2200.652,-494.37704,2149.2366,2096.3853,-720.3985,2162.9924,2085.5088,-720.0605,2177.6724,2074.8552,-719.6573,2142.5352,2101.5325,-492.63446,2147.7673,2095.6182,-491.7854,2153.2957,2090.8262,-493.1608,2295.8953,2022.7942,-1254.5126,2258.7947,2038.8855,-233.59776,2249.5518,2224.9565,-649.1422,2244.3142,2236.5017,-352.14468,2709.3447,2274.599,-1629.3352,2471.7913,2163.0725,335.94803,2435.4287,2712.031,-2423.353,2334.56,2457.809,1280.5798,2194.0945,2313.2136,-2668.7004,2166.2156,2244.4504,2092.0012,2138.8176,2199.6833,-2807.7153,2116.5295,2172.3557,2289.1768,2168.3264,2138.7708,-2747.59,2126.8708,2134.3567,2226.035,2178.3203,2194.1016,-2636.4438,2167.621,2175.4377,2083.6821,2552.0518,3465.191,-633.26483,2377.6145,3343.3184,632.024,2367.118,4343.543,-370.1306,1797.767,3777.0579,872.60144,2287.1821,5156.749,-126.64585,2497.528,4032.7292,1556.6522,2344.6936,5273.7217,-92.2722,2655.2366,4008.5527,1637.8326,2067.0972,5443.4097,-454.84286,2531.4204,4302.064,1831.2654
image_0077.jpg,2486.6648,1058.8176,-1027.6328,2472.4482,1020.64417,-882.17816,2482.12,1020.4292,-881.843,2492.4456,1019.9158,-881.4288,2432.58,1021.99097,-1022.83057,2412.827,1021.92896,-1022.4834,2393.0251,1022.3074,-1022.55817,2462.8008,1036.4813,-147.50586,2334.7708,1042.9888,-827.8581,2498.097,1106.7715,-752.2125,2445.1787,1108.1158,-945.8262,2535.891,1310.985,464.33713,2177.974,1312.6703,-942.24115,2776.2505,1546.8663,497.20172,2067.9927,1716.7197,-1177.7579,3036.985,1345.5653,-106.371994,2286.0417,1905.9641,-1614.3849,3120.8733,1279.935,-205.24055,2338.3018,1988.1729,-1819.8654,3124.786,1249.1854,-259.51065,2403.739,1939.8693,-1859.7311,3088.6626,1285.1063,-154.0493,2377.9868,1910.2452,-1624.5554,2467.3547,2015.4856,516.2682,2281.5305,2015.541,-514.17706,2460.2607,2482.6978,1102.5457,2291.3464,2521.1108,-1150.2836,2440.418,2900.2266,2060.0747,2216.4133,3085.667,-1396.727,2400.8772,2997.6511,2123.4062,2159.0366,3191.711,-1465.4664,2653.147,2998.6138,1704.9196,2371.6604,3249.7725,-2194.1414
image_0078.jpg,2155.2112,1360.05,778.3672,2150.3335,1329.9257,677.06586,2140.4807,1328.3273,677.2068,2131.174,1326.3478,677.1948,2182.2483,1335.4923,711.21,2193.725,1337.0575,711.69617,2205.3975,1338.913,711.95074,2130.6267,1344.1849,264.898,2234.2424,1360.2463,447.54507,2143.066,1387.324,644.74146,2172.417,1391.1434,696.0206,2049.3066,1510.6442,-83.97909,2341.823,1544.0447,361.1728,1983.441,1763.8466,-12.326394,2344.583,1806.0857,319.23294,1964.6624,1968.8186,165.95044,2273.139,1983.7839,318.91977,1957.2516,2026.4055,156.80775,2259.3618,2040.713,331.35446,1956.3773,2025.603,157.12035,2244.8196,2035.9766,325.93463,1972.797,2006.4498,174.03418,2242.9556,2014.1415,315.82202,2072.8665,1990.5581,-123.872856,2245.8738,2003.0295,125.862595,2005.4568,2324.5327,-68.24666,2186.9456,2338.8076,349.61554,2022.6962,2668.788,-465.29874,2157.6125,2680.162,53.781918,2050.4055,2726.7146,-510.0396,2156.5107,2741.3477,17.143076,1931.4954,2739.0735,-561.15076,2113.034,2743.7026,2.5328674
image_0079.jpg,1194.6654,813.12866,-1167.1975,1237.9065,757.5604,-1069.7837,1261.5426,758.11084,-1069.781,1285.4846,758.2614,-1069.8839,1169.3942,756.55927,-1058.7974,1146.8853,755.49347,-1058.3743,1124.075,754.6998,-1059.343,1327.5713,789.8504,-340.22906,1102.844,780.85034,-293.76828,1242.9016,874.3767,-893.0163,1157.4052,871.34717,-882.20966,1493.0641,1127.1595,214.42839,945.7927,1110.8916,236.65025,1533.5127,1575.2854,-193.32224,893.24316,1547.6576,-251.0633,1322.7904,1420.0261,-1648.0619,1100.0468,1415.6442,-1706.0621,1241.0768,1409.6086,-1980.2103,1177.8406,1403.6049,-2037.7555,1257.2749,1317.4517,-2003.517,1172.7944,1319.1486,-2061.53,1270.3549,1317.4711,-1690.2056,1167.5026,1319.0167,-1741.4872,1397.937,1925.1891,5.1663966,1078.1471,1919.9453,-3.6135728,1358.1876,2597.791,-40.905098,1071.6603,2580.5122,-71.39051,1323.9294,3145.258,916.1484,1073.7578,3138.7107,976.77454,1292.7515,3217.8083,962.14105,1098.3386,3208.4146,1025.9229,1366.1567,3347.5405,166.9943,1035.6085,3362.3967,226.63164
image_008.jpg,2002.3994,3129.9504,-2081.5159,2035.1544,3091.612,-2012.1136,2053.2048,3092.8862,-2012.3289,2071.9197,3093.675,-2012.3345,1982.0483,3090.5315,-2002.3536,1964.0348,3089.7603,-2001.7803,1946.169,3089.4243,-2000.8729,2100.512,3124.2935,-1439.3837,1925.8972,3115.8674,-1324.469,2035.2316,3186.3428,-1851.1195,1969.9417,3182.3232,-1819.1368,2260.4678,3418.0178,-998.1927,1760.9858,3418.5193,-655.60706,2403.732,3740.1868,-783.6051,1683.2301,3745.9956,-230.70262,2380.241,4062.422,-1356.5989,1639.0687,4072.2725,-796.2007,2396.9468,4172.757,-1571.1766,1616.3046,4177.8867,-903.182,2325.663,4173.487,-1728.6067,1634.4049,4192.117,-1179.2673,2304.3625,4132.4043,-1424.2653,1669.8522,4154.35,-914.05585,2132.9172,4123.9214,-181.97858,1851.6508,4132.6147,181.21196,2228.3438,4656.2827,-527.7336,1844.0924,4653.4487,375.98538,2321.674,5177.274,-113.74156,1886.0099,5131.6704,1227.9573,2334.0334,5245.332,-114.96937,1948.7819,5222.0425,1278.2863,2307.3516,5359.9194,-842.2542,1707.7548,5278.424,683.8953
image_0080.jpg,2042.6329,1766.604,-1175.4147,2092.5894,1687.2572,-1065.5337,2128.4717,1686.0155,-1065.8005,2165.3547,1684.0197,-1066.2936,1990.9197,1692.8865,-1067.4154,1953.9425,1694.1404,-1067.2764,1916.9039,1695.859,-1067.482,2216.4355,1737.9135,-417.509,1876.4752,1751.2611,-384.2109,2115.4172,1868.2314,-923.37976,1981.9113,1874.0303,-915.2027,2471.3755,2279.49,-93.94134,1635.7957,2287.7043,-33.641823,2660.1106,2865.4045,6.243082,1507.3862,2878.283,308.1452,2585.6729,3395.441,-522.40356,1594.2019,3444.879,-202.84239,2589.2483,3566.4583,-697.9015,1589.094,3629.546,-388.84985,2529.051,3533.1936,-869.669,1667.0255,3606.516,-569.5123,2511.2263,3474.0876,-594.1734,1695.6533,3535.4358,-281.68848,2322.617,3619.1624,-9.568777,1825.4058,3625.3496,11.154981,2463.0688,4552.53,-204.60503,1788.5167,4568.7773,63.53418,2541.901,5401.636,607.7626,1785.8788,5390.3867,1137.8608,2498.124,5510.9487,637.83014,1855.1266,5510.228,1188.129,2653.3652,5733.335,-212.1232,1592.3717,5709.65,392.1046
image_0082.jpg,1578.7615,1511.7421,-991.3329,1611.5347,1466.822,-904.5429,1634.1956,1465.0529,-904.993,1657.6549,1462.7855,-904.8769,1550.5555,1475.0005,-875.488,1529.4647,1478.1561,-875.19226,1508.177,1481.7164,-875.42633,1704.6489,1504.6772,-451.0019,1501.1576,1526.9781,-285.85846,1635.4786,1576.0962,-826.41565,1553.0104,1585.5457,-779.8099,1897.1957,1865.845,-296.49304,1368.475,1911.9912,-93.46419,1861.7302,2332.7615,-273.17032,1348.3257,2366.8247,-52.088497,1719.4318,2715.0652,-626.44806,1436.9042,2751.4937,-411.8914,1696.6187,2846.6174,-761.8223,1444.272,2888.0862,-547.75226,1646.3401,2830.2832,-878.5134,1504.8906,2863.3232,-663.2306,1638.698,2778.92,-670.27966,1520.8131,2812.9917,-466.83804,1826.4557,2755.4075,-67.08052,1512.4894,2780.4062,69.03036,1857.6034,3357.6582,-88.45175,1560.5522,3379.8362,134.15201,1910.2948,3902.2505,457.25137,1660.5094,3931.735,849.93616,1892.8955,3975.7454,471.4873,1708.6504,4006.3943,872.4234,1991.259,4103.0513,-150.46707,1603.8228,4149.4507,243.53984
image_0084.jpg,1540.1632,1592.9316,-1988.9222,1563.3518,1493.1901,-2088.3157,1582.8651,1480.6636,-2088.8098,1603.512,1467.1556,-2089.0488,1524.6954,1514.2463,-1894.3308,1515.8723,1516.115,-1893.0654,1506.9452,1518.8145,-1892.1162,1702.4178,1427.7319,-1983.3221,1573.7236,1488.6709,-1047.095,1626.397,1625.8245,-1908.8663,1585.7982,1648.6084,-1635.0066,2208.3599,1717.1774,-1829.9653,1530.523,1900.7064,-108.56318,2478.8032,2377.1304,-1627.9097,1570.3519,2551.7883,491.23993,2487.716,3094.942,-1845.092,1462.5227,3103.7532,-366.17352,2560.971,3285.9673,-2047.5673,1438.345,3274.9448,-423.38013,2437.3381,3306.4585,-2280.1162,1405.5533,3280.6475,-821.30316,2388.8196,3238.005,-1910.2247,1466.5181,3226.4307,-544.7628,2176.7048,3018.0723,-590.1474,1765.0214,3049.747,591.3111,2082.8245,3985.086,-903.4519,1518.6763,3826.221,-120.06015,2068.377,4952.8037,-513.6373,1657.9976,4748.019,410.70145,2108.1013,5096.7217,-538.43604,1778.8817,4894.7485,417.1021,1893.9672,5235.4487,-1499.1399,1389.1344,5022.87,-359.8483
image_0085.jpg,2125.8147,1085.2134,119.45593,2103.45,1045.5531,-5.784781,2084.9817,1047.9731,-5.4613223,2067.729,1050.0336,-5.5677876,2153.2979,1042.4354,-29.606972,2169.7366,1042.1116,-28.330359,2186.0378,1041.9974,-26.862053,2037.5184,1101.607,-446.5046,2206.2434,1086.4288,-547.51965,2101.0361,1141.1669,-10.8797245,2144.629,1134.1578,-42.52109,1822.5138,1407.7599,-583.5364,2351.295,1378.5836,-771.48236,1753.498,1835.0177,-476.8998,2426.7014,1793.0372,-945.18256,1773.6733,2203.4377,-531.304,2472.3186,2167.3772,-1065.6785,1762.6079,2295.6167,-579.23584,2507.6628,2274.2566,-1168.5654,1795.2017,2317.033,-639.57544,2486.1155,2279.688,-1208.4987,1819.843,2287.6787,-545.64856,2452.5918,2249.8245,-1074.2251,1912.8944,2180.5854,182.87761,2219.9778,2164.9893,-178.01416,1993.0192,2772.7312,707.5312,2305.4531,2693.9941,612.5246,2036.8341,3375.225,1195.0665,2367.0535,3218.5796,1177.0977,2051.419,3471.903,1225.0668,2342.1316,3310.7078,1209.4829,2066.9143,3429.0337,1110.3347,2474.4556,3282.4956,1116.3749
image_0086.jpg,1316.7852,926.1754,-2228.29,1391.9241,847.59894,-2170.241,1428.549,846.1246,-2170.2354,1466.7637,843.64154,-2170.1135,1307.5669,853.3915,-2077.9558,1281.8698,854.11206,-2077.7588,1256.0581,855.6185,-2077.465,1579.9109,895.1205,-1578.7476,1303.6367,902.03735,-1175.7073,1418.4141,1024.5465,-1997.0986,1306.5844,1029.549,-1877.8254,1927.0295,1482.3665,-881.30756,1062.942,1383.6055,-817.9856,2057.9165,2160.5781,-401.1412,635.35486,1862.3273,-581.3505,2147.9197,2794.7502,-846.2253,785.26483,2453.215,-1487.5292,2223.0579,2990.7837,-990.7785,789.4218,2633.31,-1816.09,2153.6064,3014.1306,-1262.5409,904.91626,2599.2092,-1958.5193,2096.8235,2944.6404,-943.86053,919.5947,2544.129,-1563.2747,1696.8513,2712.8464,182.51944,1157.8442,2694.5557,-181.04488,1990.353,3585.2405,-292.35486,1099.3402,3633.5623,6.19231,2193.3025,4471.6694,77.07241,971.5667,4405.4517,1333.3735,2126.4453,4630.217,75.096886,953.37366,4512.6816,1420.6323,2531.2773,4728.3813,-868.80927,1055.8716,4723.8633,577.8644
image_0087.jpg,2794.6006,1378.0581,-1637.1211,2813.838,1320.0948,-1601.3312,2831.3232,1317.3402,-1601.4819,2849.0378,1314.3373,-1601.557,2765.0464,1321.819,-1606.8903,2746.8682,1320.2422,-1606.477,2728.5334,1318.986,-1607.3179,2868.9287,1305.0013,-1093.8727,2702.0544,1309.2306,-1126.5793,2825.8716,1404.5472,-1424.838,2765.9614,1405.9717,-1431.9608,3009.9749,1496.5624,-603.3678,2552.9067,1507.5044,-742.76544,3095.3606,1845.1613,-991.2243,2486.8643,1852.3134,-1173.9398,3034.3162,1770.7812,-2200.5874,2560.526,1772.8397,-2264.0146,3003.8713,1768.2776,-2477.2017,2598.5789,1757.0818,-2569.2188,3005.265,1698.4062,-2505.3071,2584.5342,1699.2252,-2573.808,2995.0493,1701.5377,-2238.7344,2592.7117,1701.8622,-2296.101,2905.4685,2178.7156,44.193684,2647.2417,2186.4521,-42.64927,2953.0132,2630.0244,470.6948,2584.8047,2637.6636,288.5534,2996.807,3002.7603,1484.5664,2547.9993,3009.7705,1418.2621,2979.009,3051.0813,1553.0422,2559.5686,3049.6223,1490.6304,3040.5923,3156.0396,1001.45856,2532.858,3184.4136,924.9352
image_0088.jpg,1639.0863,2120.1436,-306.27692,1621.1743,2088.6667,-416.47415,1610.4762,2088.6118,-416.43628,1600.6241,2088.3093,-416.24365,1654.306,2088.0745,-388.0298,1665.4457,2086.8086,-387.2855,1676.7488,2085.9507,-386.7678,1594.0798,2108.3708,-782.0611,1700.6334,2103.1196,-629.2383,1629.8883,2149.9695,-412.7725,1659.0275,2147.0947,-370.34003,1531.0371,2280.7056,-934.11426,1846.0786,2274.2312,-501.21185,1484.1864,2580.0525,-886.8491,1877.5526,2571.171,-403.44333,1457.6946,2812.1365,-796.75775,1827.0403,2791.9587,-303.1603,1444.0375,2877.4177,-830.844,1825.3296,2859.8555,-310.32043,1453.1321,2874.7285,-850.22424,1805.5032,2856.539,-365.60623,1467.6078,2853.3655,-789.7614,1798.1914,2836.259,-316.01923,1577.4078,2787.6628,-111.33554,1762.4578,2799.3154,113.49171,1596.0358,3140.9944,338.76474,1757.2804,3145.5493,799.3071,1621.33,3509.667,821.53436,1766.9722,3471.716,1377.3362,1646.1356,3571.0105,858.8661,1772.5371,3529.8074,1424.5618,1566.6198,3560.4087,739.0956,1729.2344,3524.7778,1347.1736
image_0089.jpg,2347.4758,2203.775,-1697.1686,2407.3533,2135.4944,-1529.7975,2444.499,2140.6362,-1530.3757,2482.7324,2145.0686,-1530.6174,2302.0898,2125.4297,-1563.5343,2263.0237,2121.6294,-1562.8668,2223.6902,2118.5159,-1563.2703,2528.3801,2218.3555,-603.8448,2167.5713,2179.4004,-737.2364,2410.2708,2323.6016,-1346.4843,2267.9695,2307.9553,-1386.112,2745.209,2827.5156,-32.3265,1823.8783,2731.5256,-326.97864,2833.7192,3470.939,143.50214,1565.8402,3376.7625,-238.38826,2711.9026,3892.2998,-1197.1923,1717.5055,3912.6704,-1064.0323,2687.6807,4067.395,-1580.773,1731.241,4116.548,-1342.4275,2617.5654,4001.7664,-1794.7544,1857.7538,4056.5461,-1541.8939,2595.1206,3938.4321,-1313.6384,1876.5898,3981.818,-1144.647,2474.4119,4213.1323,89.5656,1935.0853,4188.3906,-87.002655,2517.715,5131.9326,264.47696,1816.6357,5169.0586,-44.920788,2484.9602,5966.7954,1402.847,1779.1241,6004.0757,1386.2911,2391.613,6091.0034,1462.1093,1851.1454,6124.5493,1463.709,2741.8694,6325.0996,654.9643,1546.1112,6370.143,586.827
image_009.jpg,1469.0908,1464.6749,-1739.797,1491.8702,1439.8208,-1688.3901,1504.3547,1443.902,-1688.1788,1517.3856,1447.6185,-1687.4722,1456.2057,1430.2552,-1721.1897,1442.4061,1426.2859,-1720.9855,1428.7207,1422.514,-1720.745,1520.4395,1471.7356,-1213.3826,1399.7725,1437.1677,-1360.7899,1479.276,1506.9607,-1546.4435,1431.1792,1493.2797,-1589.5186,1572.1077,1659.381,-689.4916,1255.354,1645.6792,-1078.0178,1626.7428,1935.4115,-377.4478,1212.686,1951.4944,-959.87006,1660.1393,2196.9016,-667.28406,1224.0394,2243.8875,-1185.6921,1679.7971,2274.2927,-745.36633,1210.3843,2330.2021,-1296.6715,1658.0822,2279.6614,-900.5002,1242.618,2337.9895,-1431.5984,1636.3881,2256.1775,-727.04565,1259.2976,2305.0813,-1238.8818,1521.9996,2126.5713,147.15106,1343.205,2130.6533,-146.52914,1514.1743,2543.2678,-1.4651014,1394.066,2537.6038,-334.99405,1518.0687,2916.431,288.28467,1399.5918,2944.4856,-76.586395,1503.1494,2967.7625,289.78384,1389.183,3004.8203,-79.828064,1538.2333,3045.5635,-174.63885,1444.7787,3083.1162,-580.8747
image_0092.jpg,2283.5422,2956.0088,-1867.7214,2326.3894,2897.8914,-1800.1002,2351.7947,2895.5771,-1800.5396,2377.979,2892.655,-1800.4319,2264.273,2905.2761,-1742.0905,2243.437,2906.9016,-1741.5916,2222.454,2909.13,-1741.2427,2443.134,2926.0193,-1289.145,2231.7244,2943.656,-963.9456,2350.1646,3016.4304,-1669.4124,2264.9934,3023.3464,-1577.5317,2677.9492,3278.6904,-927.2688,2085.0015,3298.3723,-500.55145,2770.6155,3709.4995,-922.89056,2022.9813,3712.0999,-188.22366,2692.8235,4103.5806,-1580.9335,2095.7405,4133.0303,-856.10815,2686.598,4240.8574,-1798.4723,2107.5923,4289.15,-1054.929,2631.5642,4224.99,-1953.8192,2167.3892,4269.4307,-1267.7384,2616.9421,4171.8647,-1648.4911,2190.2222,4209.39,-953.0224,2553.1038,4193.7734,-128.31955,2221.7566,4208.6113,130.1749,2676.3936,4815.954,-289.47684,2281.9338,4822.48,586.14026,2709.2974,5371.548,461.86072,2374.4768,5326.9775,1674.1578,2680.0942,5443.6396,499.8733,2442.284,5415.609,1747.5219,2803.7754,5620.651,-170.11526,2213.633,5543.65,1125.123
image_0093.jpg,2400.9172,1695.069,-1108.9469,2421.6606,1656.2875,-1033.8054,2436.9631,1654.4972,-1033.9705,2452.754,1652.4358,-1034.084,2377.533,1661.4711,-1037.6664,2361.9282,1662.6222,-1037.1556,2346.207,1664.1222,-1037.101,2476.3755,1674.6555,-541.9143,2331.292,1688.6277,-544.5973,2435.1125,1732.6049,-922.3345,2376.2026,1738.565,-923.3301,2583.1868,1913.9764,-157.82202,2249.4856,1947.7903,-305.23938,2631.4644,2210.896,-31.571156,2241.144,2271.0107,-191.121,2624.084,2465.843,-659.56976,2279.1162,2529.8594,-583.09155,2631.3684,2550.3862,-807.5913,2277.5857,2617.549,-716.4438,2609.993,2541.7607,-939.5141,2312.777,2607.3738,-836.6804,2595.4011,2510.2048,-729.0813,2325.8567,2573.7224,-639.0396,2565.9795,2532.868,67.70918,2366.0544,2554.1675,-66.41208,2637.8345,2961.683,84.83832,2416.9153,2999.6008,-25.352985,2646.7502,3373.713,690.53186,2427.1194,3402.547,573.0024,2614.6052,3433.1086,718.0888,2425.923,3454.0693,596.0431,2751.956,3513.8875,187.13739,2476.5015,3554.6382,10.633386
image_0094.jpg,2253.6382,2165.3235,-2299.4014,2320.8506,2057.9712,-2058.549,2374.1367,2066.901,-2057.9773,2428.4639,2075.3955,-2058.0981,2171.0935,2038.9641,-2141.4336,2109.8074,2032.3121,-2140.2446,2048.2068,2026.436,-2140.1345,2457.211,2176.0474,-965.95404,1931.8829,2113.0598,-1285.4315,2326.021,2334.1313,-1899.5641,2107.5593,2307.3606,-1994.7992,2685.5073,3079.8762,-558.90857,1421.8623,2941.3328,-1324.6344,2639.7754,4166.7285,-306.37402,1252.5707,4081.069,-1557.5109,2650.8086,5113.316,-1439.0073,1404.9227,5096.5615,-2103.528,2693.7473,5427.986,-1768.4847,1357.2714,5420.9487,-2376.4343,2590.901,5421.356,-2036.4302,1581.6062,5434.1475,-2640.7283,2508.5735,5290.3374,-1555.4695,1661.4866,5306.846,-2203.4556,2390.4353,4981.5776,139.57755,1614.8997,4954.8936,-128.58833,2342.4712,6191.7456,-150.16345,1527.0563,6210.361,-326.19748,2219.103,7159.0664,1589.1398,1484.4552,7194.794,1806.8545,2173.8923,7288.8716,1711.95,1454.1803,7333.389,1924.1924,2219.74,7612.4146,894.2889,1597.3568,7662.93,909.4734
image_0095.jpg,1076.1222,1146.8871,-946.5398,1103.9082,1108.1138,-874.6811,1123.2083,1107.1309,-874.65857,1143.1935,1105.8647,-874.3558,1052.3934,1112.2211,-848.5078,1034.6532,1113.6584,-848.23206,1016.7997,1115.4366,-848.8044,1181.9358,1137.2097,-488.0328,1009.8377,1148.2357,-330.82144,1122.067,1198.3794,-803.5325,1052.9797,1202.9961,-757.6099,1325.8496,1429.8862,-273.7986,902.2107,1433.2806,-116.64034,1394.0283,1754.6348,-319.43225,852.0647,1788.593,34.78926,1448.3983,2048.7698,-788.18115,863.4948,2105.817,-218.70107,1483.2423,2143.0127,-881.40326,855.3894,2206.299,-266.94183,1455.0156,2140.611,-1022.65533,883.58344,2210.4668,-409.16183,1424.8535,2112.6572,-849.6449,910.38586,2180.9954,-279.00943,1231.6998,2131.8933,-61.914024,980.92224,2133.895,63.278996,1262.4907,2597.6548,30.470621,986.5491,2605.1711,204.70464,1326.6466,3043.4487,645.2835,994.856,3031.3022,883.57526,1311.4276,3110.4146,668.66113,1022.17487,3099.446,909.4133,1409.4299,3177.3516,74.4625,934.2584,3158.594,350.11737
image_0096.jpg,1159.9856,3050.078,232.90778,1148.702,3008.533,246.51886,1141.8228,3007.5884,246.68808,1135.3403,3006.399,245.7823,1151.4385,3010.0676,150.7424,1146.1672,3008.7988,150.8057,1140.9231,3007.6738,150.75859,1086.4849,3011.6387,355.3954,1095.326,3013.629,-59.939648,1128.6787,3086.303,295.4248,1128.472,3083.3372,171.86194,923.74506,3215.6675,459.5179,1008.0411,3209.7012,-339.33014,889.15344,3519.9653,495.95557,1059.4286,3610.1296,-557.8211,865.6605,3745.888,200.40204,1234.7202,3909.4487,-704.00946,873.22833,3823.1777,126.41739,1262.5206,4013.3677,-824.27844,864.93335,3820.2454,60.555283,1290.2756,3998.3164,-853.1738,866.3607,3796.5557,161.50516,1274.9685,3958.6626,-718.5054,1009.4965,3993.9111,279.1803,1000.5071,3964.7332,-276.87115,1065.3862,4682.4287,134.90317,1019.4247,4637.787,-324.33395,1091.4133,5317.083,468.9855,1026.6079,5288.3096,-24.977537,1065.0227,5396.456,481.65466,990.23804,5377.4165,-14.957595,1182.445,5479.1895,119.3674,1122.5469,5455.837,-414.2024
image_0099.jpg,2063.2769,1348.2955,-1372.6365,2111.3108,1282.144,-1192.7446,2142.9917,1287.1584,-1193.3094,2175.3735,1291.9207,-1193.8827,2022.7264,1271.5686,-1212.6477,1988.1787,1267.2457,-1212.3309,1953.3619,1263.6439,-1212.9736,2206.7114,1353.5623,-393.16858,1902.2388,1313.1482,-482.25494,2116.7383,1450.3357,-1084.578,1989.9075,1434.4174,-1112.6647,2416.9397,1863.9766,-405.01962,1614.7272,1855.5986,-195.43614,2334.648,2485.4482,-941.4988,1513.3369,2502.5232,-418.60324,1767.1527,2233.4175,-1480.3397,2124.5886,2313.9941,-757.6849,1597.8213,2205.7258,-1695.3408,2309.9521,2314.644,-917.1797,1633.7059,2111.9976,-1554.35,2300.0188,2199.4424,-853.2565,1680.2557,2124.024,-1440.3964,2248.1333,2199.5513,-724.84064,2280.5637,3147.875,-25.988855,1774.5321,3170.7488,32.574837,2263.0076,4023.7505,136.35083,1780.5012,4086.0842,120.238945,2313.962,4726.688,1462.0283,1780.9122,4804.893,1606.938,2313.6775,4833.596,1555.8462,1783.5967,4896.3843,1701.7548,2368.1729,4986.509,831.07623,1782.3491,5106.8926,829.61383
